iso3,year,usd,ptype,grp,part,proj,mapped
IRQ,2014,103742377.0,SRP,Protracted crisis (HRP),844.0,2.0,True
SSD,2014,1101369452.0,SRP,Protracted crisis (HRP),1446.0,13.0,True
AFG,2014,406429895.0,SRP,Protracted crisis (HRP),0.0,0.0,False
COD,2014,832097250.0,SRP,Protracted crisis (HRP),1760.0,45.0,True
NER,2014,390922652.0,SRP,Protracted crisis (HRP),5.0,1.0,True
CAF,2014,246772031.0,SRP,Protracted crisis (HRP),635.0,39.0,True
TCD,2014,527350382.0,SRP,Protracted crisis (HRP),2075.0,7.0,True
DJI,2014,74085087.0,SRP,Protracted crisis (HRP),0.0,0.0,False
HTI,2014,168974256.0,SRP,Protracted crisis (HRP),34.0,3.0,True
MLI,2014,568416225.0,SRP,Protracted crisis (HRP),1282.0,6.0,True
PSE,2014,390338824.0,SRP,Protracted crisis (HRP),386.0,2.0,True
MRT,2014,107927077.0,SRP,Protracted crisis (HRP),44.0,1.0,True
SDN,2014,995517357.0,SRP,Protracted crisis (HRP),0.0,0.0,False
YEM,2014,591616992.0,SRP,Protracted crisis (HRP),0.0,0.0,False
BFA,2014,109281921.0,SRP,Protracted crisis (HRP),1853.0,9.0,True
SOM,2014,933070303.0,SRP,Protracted crisis (HRP),0.0,0.0,False
PHL,2014,46758966.0,FA,Flash appeal (sudden onset),2007.0,16.0,True
SYR,2014,2276149354.0,SRP,Protracted crisis (HRP),0.0,0.0,False
EGY,2014,852943542.2,REG,Regional refugee response,0.0,0.0,False
IRQ,2014,852943542.2,REG,Regional refugee response,844.0,2.0,True
JOR,2014,852943542.2,REG,Regional refugee response,0.0,0.0,False
LBN,2014,852943542.2,REG,Regional refugee response,0.0,0.0,False
TUR,2014,852943542.2,REG,Regional refugee response,0.0,0.0,False
PHL,2014,307637263.0,SRP,Protracted crisis (HRP),2007.0,16.0,True
GMB,2014,25983666.0,SRP,Protracted crisis (HRP),0.0,0.0,False
CMR,2014,48462739.0,SRP,Protracted crisis (HRP),552.0,16.0,True
NGA,2014,74860697.0,SRP,Protracted crisis (HRP),1558.0,12.0,True
SEN,2014,122098777.0,SRP,Protracted crisis (HRP),191.0,10.0,True
BFA,2014,5528874.555555556,REG,Regional refugee response,1853.0,9.0,True
CMR,2014,5528874.555555556,REG,Regional refugee response,552.0,16.0,True
GMB,2014,5528874.555555556,REG,Regional refugee response,0.0,0.0,False
MLI,2014,5528874.555555556,REG,Regional refugee response,1282.0,6.0,True
MRT,2014,5528874.555555556,REG,Regional refugee response,44.0,1.0,True
NER,2014,5528874.555555556,REG,Regional refugee response,5.0,1.0,True
NGA,2014,5528874.555555556,REG,Regional refugee response,1558.0,12.0,True
SEN,2014,5528874.555555556,REG,Regional refugee response,191.0,10.0,True
TCD,2014,5528874.555555556,REG,Regional refugee response,2075.0,7.0,True
MMR,2014,192023000.0,SRP,Protracted crisis (HRP),0.0,1.0,True
COG,2014,14269108.0,Other,Other,0.0,0.0,False
ETH,2014,92694291.0,REG,Regional refugee response,71.0,1.0,True
KEN,2014,92694291.0,REG,Regional refugee response,347.0,1.0,True
SDN,2014,92694291.0,REG,Regional refugee response,0.0,0.0,False
UGA,2014,92694291.0,REG,Regional refugee response,104.0,3.0,True
PHL,2014,0.0,FA,Flash appeal (sudden onset),2007.0,16.0,True
GIN,2014,329281384.6666667,REG,Regional refugee response,975.0,20.0,True
LBR,2014,329281384.6666667,REG,Regional refugee response,2441.0,20.0,True
SLE,2014,329281384.6666667,REG,Regional refugee response,2087.0,15.0,True
UKR,2014,33201996.0,FA,Flash appeal (sudden onset),0.0,0.0,False
SSD,2015,1807069154.0,SRP,Protracted crisis (HRP),1698.0,16.0,True
LBY,2015,35738580.0,FA,Flash appeal (sudden onset),0.0,0.0,False
SOM,2015,862579628.0,SRP,Protracted crisis (HRP),0.0,0.0,False
COD,2015,692000000.0,SRP,Protracted crisis (HRP),4008.0,38.0,True
MMR,2015,265044894.0,SRP,Protracted crisis (HRP),116.0,2.0,True
SDN,2015,1035894093.0,SRP,Protracted crisis (HRP),124.0,1.0,True
PSE,2015,705288765.0,SRP,Protracted crisis (HRP),0.0,0.0,False
SYR,2015,2893444593.0,SRP,Protracted crisis (HRP),1.0,1.0,True
AFG,2015,405400000.0,SRP,Protracted crisis (HRP),1118.0,3.0,True
CAF,2015,612958926.0,SRP,Protracted crisis (HRP),104.0,5.0,True
UKR,2015,189125000.0,SRP,Protracted crisis (HRP),0.0,0.0,False
BFA,2015,98761764.0,SRP,Protracted crisis (HRP),806.0,8.0,True
CMR,2015,264023457.0,SRP,Protracted crisis (HRP),611.0,6.0,True
GMB,2015,23687972.0,SRP,Protracted crisis (HRP),65.0,3.0,True
TCD,2015,571597807.0,SRP,Protracted crisis (HRP),318.0,5.0,True
MLI,2015,377381530.0,SRP,Protracted crisis (HRP),41.0,3.0,True
MRT,2015,105171809.0,SRP,Protracted crisis (HRP),1.0,1.0,True
NER,2015,375720263.0,SRP,Protracted crisis (HRP),446.0,2.0,True
SEN,2015,59427358.0,SRP,Protracted crisis (HRP),1047.0,26.0,True
NGA,2015,100263495.0,SRP,Protracted crisis (HRP),3174.0,40.0,True
BFA,2015,1148489.4444444445,REG,Regional refugee response,806.0,8.0,True
CMR,2015,1148489.4444444445,REG,Regional refugee response,611.0,6.0,True
GMB,2015,1148489.4444444445,REG,Regional refugee response,65.0,3.0,True
MLI,2015,1148489.4444444445,REG,Regional refugee response,41.0,3.0,True
MRT,2015,1148489.4444444445,REG,Regional refugee response,1.0,1.0,True
NER,2015,1148489.4444444445,REG,Regional refugee response,446.0,2.0,True
NGA,2015,1148489.4444444445,REG,Regional refugee response,3174.0,40.0,True
SEN,2015,1148489.4444444445,REG,Regional refugee response,1047.0,26.0,True
TCD,2015,1148489.4444444445,REG,Regional refugee response,318.0,5.0,True
YEM,2015,747517644.0,SRP,Protracted crisis (HRP),0.0,0.0,False
GTM,2015,23806581.0,FA,Flash appeal (sudden onset),13.0,1.0,True
EGY,2015,906649651.6,REG,Regional refugee response,0.0,0.0,False
IRQ,2015,906649651.6,REG,Regional refugee response,211.0,1.0,True
JOR,2015,906649651.6,REG,Regional refugee response,0.0,0.0,False
LBN,2015,906649651.6,REG,Regional refugee response,0.0,0.0,False
TUR,2015,906649651.6,REG,Regional refugee response,0.0,0.0,False
HND,2015,13200000.0,FA,Flash appeal (sudden onset),0.0,0.0,False
ETH,2015,219264693.0,REG,Regional refugee response,20.0,2.0,True
KEN,2015,219264693.0,REG,Regional refugee response,360.0,3.0,True
UGA,2015,219264693.0,REG,Regional refugee response,1240.0,10.0,True
DJI,2015,82001876.0,SRP,Protracted crisis (HRP),0.0,0.0,False
VUT,2015,29877779.0,FA,Flash appeal (sudden onset),307.0,2.0,True
PRK,2015,110895000.0,Other,Other,0.0,0.0,False
IRQ,2015,1122873013.0,SRP,Protracted crisis (HRP),211.0,1.0,True
HTI,2015,25520762.0,FA,Flash appeal (sudden onset),1361.0,10.0,True
NPL,2015,437694000.0,FA,Flash appeal (sudden onset),16108.0,42.0,True
LBY,2016,165576804.0,HRP,Protracted crisis (HRP),0.0,0.0,False
BFA,2016,90524923.0,HRP,Protracted crisis (HRP),347.0,2.0,True
CMR,2016,282178352.0,HRP,Protracted crisis (HRP),0.0,0.0,False
TCD,2016,566558928.0,HRP,Protracted crisis (HRP),1037.0,7.0,True
GMB,2016,11454114.0,HRP,Protracted crisis (HRP),14.0,1.0,True
MLI,2016,354052695.0,HRP,Protracted crisis (HRP),84.0,5.0,True
MRT,2016,89209521.0,HRP,Protracted crisis (HRP),0.0,0.0,False
NER,2016,315985017.0,HRP,Protracted crisis (HRP),1.0,2.0,True
NGA,2016,247907718.0,HRP,Protracted crisis (HRP),2061.0,10.0,True
BFA,2016,544444.4444444445,REG,Regional refugee response,347.0,2.0,True
CMR,2016,544444.4444444445,REG,Regional refugee response,0.0,0.0,False
GMB,2016,544444.4444444445,REG,Regional refugee response,14.0,1.0,True
MLI,2016,544444.4444444445,REG,Regional refugee response,84.0,5.0,True
MRT,2016,544444.4444444445,REG,Regional refugee response,0.0,0.0,False
NER,2016,544444.4444444445,REG,Regional refugee response,1.0,2.0,True
NGA,2016,544444.4444444445,REG,Regional refugee response,2061.0,10.0,True
SEN,2016,544444.4444444445,REG,Regional refugee response,167.0,6.0,True
TCD,2016,544444.4444444445,REG,Regional refugee response,1037.0,7.0,True
SEN,2016,19917087.0,HRP,Protracted crisis (HRP),167.0,6.0,True
IRQ,2016,860544743.0,HRP,Protracted crisis (HRP),137.0,3.0,True
SYR,2016,3184409473.0,HRP,Protracted crisis (HRP),336.0,6.0,True
SSD,2016,1285860205.0,HRP,Protracted crisis (HRP),641.0,5.0,True
DJI,2016,74802183.0,HRP,Protracted crisis (HRP),0.0,0.0,False
SOM,2016,885189342.0,HRP,Protracted crisis (HRP),237.0,2.0,True
PSE,2016,571414014.0,HRP,Protracted crisis (HRP),0.0,0.0,False
HTI,2016,193786861.0,HRP,Protracted crisis (HRP),5027.0,32.0,True
UKR,2016,297907511.0,HRP,Protracted crisis (HRP),279.0,1.0,True
GTM,2016,56690000.0,HRP,Protracted crisis (HRP),1204.0,28.0,True
HND,2016,44150000.0,HRP,Protracted crisis (HRP),1446.0,19.0,True
COD,2016,690000000.0,HRP,Protracted crisis (HRP),3491.0,38.0,True
AFG,2016,338833024.0,HRP,Protracted crisis (HRP),0.0,0.0,False
EGY,2016,910406407.2,REG,Regional refugee response,0.0,0.0,False
IRQ,2016,910406407.2,REG,Regional refugee response,137.0,3.0,True
JOR,2016,910406407.2,REG,Regional refugee response,0.0,0.0,False
LBN,2016,910406407.2,REG,Regional refugee response,0.0,0.0,False
TUR,2016,910406407.2,REG,Regional refugee response,0.0,0.0,False
YEM,2016,1632652363.0,HRP,Protracted crisis (HRP),0.0,0.0,False
MMR,2016,189500000.0,HRP,Protracted crisis (HRP),0.0,1.0,True
FJI,2016,38630049.0,FA,Flash appeal (sudden onset),727.0,20.0,True
BDI,2016,62300000.0,HRP,Protracted crisis (HRP),0.0,0.0,False
CAF,2016,531500000.0,HRP,Protracted crisis (HRP),0.0,0.0,False
ZWE,2016,359861529.0,HRP,Protracted crisis (HRP),1618.0,8.0,True
SDN,2016,952191245.0,HRP,Protracted crisis (HRP),4.0,2.0,True
PRK,2016,121734022.0,Other,Other,0.0,0.0,False
ECU,2016,72750000.0,FA,Flash appeal (sudden onset),6326.0,26.0,True
IRQ,2016,283700000.0,FA,Flash appeal (sudden onset),137.0,3.0,True
AFG,2016,152100000.0,FA,Flash appeal (sudden onset),0.0,0.0,False
LBY,2016,10177314.0,FA,Flash appeal (sudden onset),0.0,0.0,False
HTI,2016,119850000.0,FA,Flash appeal (sudden onset),5027.0,32.0,True
GRC,2016,111644519.0,REG,Regional refugee response,0.0,0.0,False
HRV,2016,111644519.0,REG,Regional refugee response,0.0,0.0,False
MKD,2016,111644519.0,REG,Regional refugee response,0.0,0.0,False
SRB,2016,111644519.0,REG,Regional refugee response,0.0,0.0,False
SVN,2016,111644519.0,REG,Regional refugee response,0.0,0.0,False
TUR,2016,111644519.0,REG,Regional refugee response,0.0,0.0,False
SYR,2017,3407792269.0,HRP,Protracted crisis (HRP),0.0,0.0,False
SOM,2017,865665164.0,HRP,Protracted crisis (HRP),0.0,0.0,False
PSE,2017,551126643.0,HRP,Protracted crisis (HRP),618.0,25.0,True
NER,2017,271346996.0,HRP,Protracted crisis (HRP),1125.0,8.0,True
UKR,2017,214058212.0,HRP,Protracted crisis (HRP),0.0,0.0,False
TCD,2017,588608263.0,HRP,Protracted crisis (HRP),84.0,2.0,True
LBY,2017,151013476.0,HRP,Protracted crisis (HRP),0.0,0.0,False
MLI,2017,293098319.0,HRP,Protracted crisis (HRP),1673.0,45.0,True
NGA,2017,1054431494.0,HRP,Protracted crisis (HRP),5536.0,20.0,True
CMR,2017,309643212.0,HRP,Protracted crisis (HRP),0.0,0.0,False
SSD,2017,1639694893.0,HRP,Protracted crisis (HRP),3340.0,11.0,True
DJI,2017,42977698.0,HRP,Protracted crisis (HRP),28.0,1.0,True
PAK,2017,339403724.0,Other,Other,0.0,0.0,False
BDI,2017,73700000.0,HRP,Protracted crisis (HRP),2.0,1.0,True
YEM,2017,2067662020.0,HRP,Protracted crisis (HRP),2.0,1.0,True
HTI,2017,291459691.0,HRP,Protracted crisis (HRP),318.0,5.0,True
AFG,2017,409413812.0,HRP,Protracted crisis (HRP),0.0,0.0,False
MMR,2017,150300000.0,HRP,Protracted crisis (HRP),9254.0,47.0,True
SEN,2017,15808722.0,HRP,Protracted crisis (HRP),146.0,8.0,True
MRT,2017,74500000.0,HRP,Protracted crisis (HRP),0.0,0.0,False
BFA,2017,61089000.0,HRP,Protracted crisis (HRP),299.0,4.0,True
CAF,2017,497300000.0,HRP,Protracted crisis (HRP),0.0,0.0,False
IRQ,2017,984647064.0,HRP,Protracted crisis (HRP),281.0,3.0,True
EGY,2017,1115187415.4,REG,Regional refugee response,0.0,0.0,False
IRQ,2017,1115187415.4,REG,Regional refugee response,281.0,3.0,True
JOR,2017,1115187415.4,REG,Regional refugee response,0.0,0.0,False
LBN,2017,1115187415.4,REG,Regional refugee response,0.0,0.0,False
TUR,2017,1115187415.4,REG,Regional refugee response,208.0,2.0,True
SDN,2017,803966226.0,HRP,Protracted crisis (HRP),0.0,0.0,False
MOZ,2017,10246400.0,FA,Flash appeal (sudden onset),613.0,5.0,True
COD,2017,812614297.0,HRP,Protracted crisis (HRP),2517.0,40.0,True
ETH,2017,1417400000.0,HRP,Protracted crisis (HRP),121.0,3.0,True
KEN,2017,165767183.0,FA,Flash appeal (sudden onset),2267.0,11.0,True
MDG,2017,20067549.0,FA,Flash appeal (sudden onset),1463.0,17.0,True
PRK,2017,113502775.0,Other,Other,0.0,0.0,False
PER,2017,39472408.0,FA,Flash appeal (sudden onset),2223.0,13.0,True
COG,2017,23700000.0,HRP,Protracted crisis (HRP),20.0,1.0,True
AIA,2017,3006055.111111111,REG,Regional refugee response,111.0,1.0,True
ATG,2017,3006055.111111111,REG,Regional refugee response,344.0,2.0,True
BHS,2017,3006055.111111111,REG,Regional refugee response,72.0,3.0,True
BLM,2017,3006055.111111111,REG,Regional refugee response,0.0,0.0,False
KNA,2017,3006055.111111111,REG,Regional refugee response,0.0,0.0,False
MAF,2017,3006055.111111111,REG,Regional refugee response,0.0,0.0,False
SXM,2017,3006055.111111111,REG,Regional refugee response,0.0,0.0,False
TCA,2017,3006055.111111111,REG,Regional refugee response,0.0,0.0,False
VGB,2017,3006055.111111111,REG,Regional refugee response,157.0,2.0,True
CUB,2017,60572174.0,Other,Other,509.0,2.0,True
DMA,2017,31116613.0,FA,Flash appeal (sudden onset),0.0,0.0,False
BGD,2017,77099347.0,REG,Regional refugee response,6966.0,31.0,True
SYR,2018,3513803946.0,HRP,Protracted crisis (HRP),0.0,0.0,False
PSE,2018,539721755.0,HRP,Protracted crisis (HRP),279.0,14.0,True
IRQ,2018,568745625.0,HRP,Protracted crisis (HRP),390.0,2.0,True
SDN,2018,1007555093.0,HRP,Protracted crisis (HRP),396.0,5.0,True
LBY,2018,312740102.0,HRP,Protracted crisis (HRP),0.0,0.0,False
TCD,2018,543769241.0,HRP,Protracted crisis (HRP),1291.0,6.0,True
MLI,2018,247073801.0,HRP,Protracted crisis (HRP),1640.0,6.0,True
BDI,2018,141814441.0,HRP,Protracted crisis (HRP),107.0,2.0,True
CMR,2018,304524867.0,HRP,Protracted crisis (HRP),119.0,3.0,True
UKR,2018,186909122.0,HRP,Protracted crisis (HRP),115.0,1.0,True
NGA,2018,1047768587.0,HRP,Protracted crisis (HRP),9042.0,34.0,True
NER,2018,329483843.0,HRP,Protracted crisis (HRP),645.0,3.0,True
SOM,2018,1542514570.0,HRP,Protracted crisis (HRP),478.0,9.0,True
AFG,2018,598923998.0,HRP,Protracted crisis (HRP),342.0,2.0,True
SSD,2018,1717890485.0,HRP,Protracted crisis (HRP),55.0,1.0,True
PAK,2018,123004259.0,Other,Other,0.0,0.0,False
HTI,2018,252200142.0,HRP,Protracted crisis (HRP),962.0,21.0,True
CAF,2018,515600000.0,HRP,Protracted crisis (HRP),109.0,5.0,True
COD,2018,1675200000.0,HRP,Protracted crisis (HRP),9723.0,115.0,True
BFA,2018,90291110.0,Other,Other,781.0,7.0,True
SEN,2018,16833024.0,Other,Other,312.0,4.0,True
MMR,2018,183400000.0,HRP,Protracted crisis (HRP),8277.0,24.0,True
BGD,2018,950834205.0,REG,Regional refugee response,3408.0,46.0,True
YEM,2018,3108067800.0,HRP,Protracted crisis (HRP),292.0,9.0,True
EGY,2018,1121790302.0,REG,Regional refugee response,133.0,3.0,True
IRQ,2018,1121790302.0,REG,Regional refugee response,390.0,2.0,True
JOR,2018,1121790302.0,REG,Regional refugee response,107.0,5.0,True
LBN,2018,1121790302.0,REG,Regional refugee response,0.0,0.0,False
TUR,2018,1121790302.0,REG,Regional refugee response,1288.0,26.0,True
PRK,2018,111217000.0,Other,Other,0.0,0.0,False
ETH,2018,1177218620.0,HRP,Protracted crisis (HRP),369.0,2.0,True
MRT,2018,116000000.0,Other,Other,0.0,0.0,False
PHL,2018,61004152.0,Other,Other,20225.0,63.0,True
IDN,2018,50500000.0,Other,Other,4319.0,20.0,True
UKR,2019,160971155.0,HRP,Protracted crisis (HRP),0.0,0.0,False
SYR,2019,3293416196.0,HRP,Protracted crisis (HRP),289.0,2.0,True
PSE,2019,350589271.0,HRP,Protracted crisis (HRP),45.0,3.0,True
SOM,2019,1077453103.0,HRP,Protracted crisis (HRP),1025.0,13.0,True
TCD,2019,476641195.0,HRP,Protracted crisis (HRP),3740.0,24.0,True
SDN,2019,1149289490.0,HRP,Protracted crisis (HRP),26.0,1.0,True
IRQ,2019,701154139.0,HRP,Protracted crisis (HRP),286.0,1.0,True
AFG,2019,611759986.0,HRP,Protracted crisis (HRP),45.0,1.0,True
CAF,2019,430700000.0,HRP,Protracted crisis (HRP),5155.0,59.0,True
COD,2019,1653700000.0,HRP,Protracted crisis (HRP),3017.0,22.0,True
YEM,2019,4192680354.0,HRP,Protracted crisis (HRP),231.0,1.0,True
NER,2019,383101817.0,HRP,Protracted crisis (HRP),13.0,2.0,True
ETH,2019,1025442203.0,HRP,Protracted crisis (HRP),479.0,5.0,True
MMR,2019,202200000.0,HRP,Protracted crisis (HRP),739.0,4.0,True
HTI,2019,126207627.0,HRP,Protracted crisis (HRP),1298.0,8.0,True
LBY,2019,201624438.0,HRP,Protracted crisis (HRP),0.0,0.0,False
SSD,2019,1507421344.0,HRP,Protracted crisis (HRP),0.0,0.0,False
NGA,2019,847703581.0,HRP,Protracted crisis (HRP),2713.0,551.0,True
MLI,2019,297639505.0,HRP,Protracted crisis (HRP),1187.0,7.0,True
PRK,2019,120345890.0,Other,Other,0.0,0.0,False
CMR,2019,298882369.0,HRP,Protracted crisis (HRP),688.0,10.0,True
BGD,2019,920461273.0,REG,Regional refugee response,37.0,3.0,True
PAK,2019,201961132.0,Other,Other,0.0,0.0,False
ZWE,2019,293932789.0,FA,Flash appeal (sudden onset),3056.0,19.0,True
BDI,2019,106286557.0,HRP,Protracted crisis (HRP),1439.0,3.0,True
EGY,2019,1101919058.8,REG,Regional refugee response,0.0,0.0,False
IRQ,2019,1101919058.8,REG,Regional refugee response,286.0,1.0,True
JOR,2019,1101919058.8,REG,Regional refugee response,50.0,1.0,True
LBN,2019,1101919058.8,REG,Regional refugee response,792.0,2.0,True
TUR,2019,1101919058.8,REG,Regional refugee response,609.0,3.0,True
ABW,2019,46100711.125,REG,Regional refugee response,0.0,0.0,False
ARG,2019,46100711.125,REG,Regional refugee response,0.0,0.0,False
BRA,2019,46100711.125,REG,Regional refugee response,451.0,6.0,True
CHL,2019,46100711.125,REG,Regional refugee response,0.0,0.0,False
COL,2019,46100711.125,REG,Regional refugee response,5393.0,10.0,True
CRI,2019,46100711.125,REG,Regional refugee response,0.0,0.0,False
CUW,2019,46100711.125,REG,Regional refugee response,0.0,0.0,False
DOM,2019,46100711.125,REG,Regional refugee response,0.0,0.0,False
ECU,2019,46100711.125,REG,Regional refugee response,134.0,6.0,True
GUY,2019,46100711.125,REG,Regional refugee response,0.0,0.0,False
MEX,2019,46100711.125,REG,Regional refugee response,0.0,0.0,False
PAN,2019,46100711.125,REG,Regional refugee response,0.0,0.0,False
PER,2019,46100711.125,REG,Regional refugee response,3419.0,19.0,True
PRY,2019,46100711.125,REG,Regional refugee response,0.0,0.0,False
TTO,2019,46100711.125,REG,Regional refugee response,141.0,1.0,True
URY,2019,46100711.125,REG,Regional refugee response,0.0,0.0,False
MDG,2019,32438095.0,FA,Flash appeal (sudden onset),299.0,4.0,True
MOZ,2019,434692044.0,HRP,Protracted crisis (HRP),8608.0,55.0,True
BFA,2019,100310030.0,Other,Other,1051.0,6.0,True
IRN,2019,25000000.0,Other,Other,984.0,1.0,True
VEN,2019,222724387.0,HRP,Protracted crisis (HRP),0.0,0.0,False
UKR,2020,0.0,HRP,Protracted crisis (HRP),381.0,6.0,True
SOM,2020,1045017876.0,HRP,Protracted crisis (HRP),1227.0,18.0,True
SSD,2020,1547036229.0,HRP,Protracted crisis (HRP),2372.0,16.0,True
IRQ,2020,519802637.0,HRP,Protracted crisis (HRP),0.0,0.0,False
PSE,2020,347976074.0,HRP,Protracted crisis (HRP),103.0,6.0,True
NGA,2020,996281653.0,HRP,Protracted crisis (HRP),6774.0,465.0,True
SDN,2020,1349856804.0,HRP,Protracted crisis (HRP),371.0,5.0,True
BGD,2020,876661222.0,REG,Regional refugee response,2314.0,7.0,True
TCD,2020,545923185.0,HRP,Protracted crisis (HRP),1670.0,13.0,True
NER,2020,399985185.0,HRP,Protracted crisis (HRP),2186.0,6.0,True
MLI,2020,390892768.0,HRP,Protracted crisis (HRP),4377.0,24.0,True
COD,2020,0.0,HRP,Protracted crisis (HRP),5104.0,46.0,True
HTI,2020,253021922.0,HRP,Protracted crisis (HRP),177.0,3.0,True
ZWE,2020,715776604.0,HRP,Protracted crisis (HRP),0.0,0.0,False
BDI,2020,113500000.0,HRP,Protracted crisis (HRP),392.0,1.0,True
CAF,2020,400810000.0,HRP,Protracted crisis (HRP),4336.0,92.0,True
SYR,2020,3421611547.0,HRP,Protracted crisis (HRP),0.0,0.0,False
YEM,2020,3379144453.0,HRP,Protracted crisis (HRP),2043.0,5.0,True
CMR,2020,321881924.0,HRP,Protracted crisis (HRP),170.0,4.0,True
VEN,2020,674377198.0,HRP,Protracted crisis (HRP),1323.0,12.0,True
AFG,2020,732600000.0,HRP,Protracted crisis (HRP),207.0,3.0,True
BFA,2020,311628086.0,HRP,Protracted crisis (HRP),869.0,4.0,True
LBY,2020,114852205.0,HRP,Protracted crisis (HRP),160.0,4.0,True
MMR,2020,216450000.0,HRP,Protracted crisis (HRP),118.0,7.0,True
PRK,2020,107000000.0,Other,Other,0.0,0.0,False
ETH,2020,1001183284.0,HRP,Protracted crisis (HRP),324.0,5.0,True
ZMB,2020,89537019.0,Other,Other,336.0,40.0,True
DJI,2020,14251896.0,FA,Flash appeal (sudden onset),14.0,2.0,True
EGY,2020,0.0,REG,Regional refugee response,0.0,0.0,False
IRQ,2020,0.0,REG,Regional refugee response,0.0,0.0,False
JOR,2020,0.0,REG,Regional refugee response,0.0,0.0,False
LBN,2020,0.0,REG,Regional refugee response,282.0,1.0,True
TUR,2020,0.0,REG,Regional refugee response,1539.0,3.0,True
ABW,2020,0.0,REG,Regional refugee response,0.0,0.0,False
ARG,2020,0.0,REG,Regional refugee response,0.0,0.0,False
BOL,2020,0.0,REG,Regional refugee response,63.0,1.0,True
BRA,2020,0.0,REG,Regional refugee response,936.0,3.0,True
CHL,2020,0.0,REG,Regional refugee response,0.0,0.0,False
COL,2020,0.0,REG,Regional refugee response,3849.0,23.0,True
CRI,2020,0.0,REG,Regional refugee response,0.0,0.0,False
CUW,2020,0.0,REG,Regional refugee response,0.0,0.0,False
DOM,2020,0.0,REG,Regional refugee response,0.0,0.0,False
ECU,2020,0.0,REG,Regional refugee response,0.0,0.0,False
GUY,2020,0.0,REG,Regional refugee response,2037.0,15.0,True
MEX,2020,0.0,REG,Regional refugee response,0.0,0.0,False
PAN,2020,0.0,REG,Regional refugee response,288.0,3.0,True
PER,2020,0.0,REG,Regional refugee response,14738.0,104.0,True
PRY,2020,0.0,REG,Regional refugee response,0.0,0.0,False
TTO,2020,0.0,REG,Regional refugee response,82.0,1.0,True
URY,2020,0.0,REG,Regional refugee response,0.0,0.0,False
RWA,2020,91790227.0,REG,Regional refugee response,119.0,3.0,True
TZA,2020,91790227.0,REG,Regional refugee response,4064.0,89.0,True
UGA,2020,91790227.0,REG,Regional refugee response,2517.0,96.0,True
AGO,2020,106451562.83333333,REG,Regional refugee response,0.0,0.0,False
COG,2020,106451562.83333333,REG,Regional refugee response,0.0,0.0,False
RWA,2020,106451562.83333333,REG,Regional refugee response,119.0,3.0,True
TZA,2020,106451562.83333333,REG,Regional refugee response,4064.0,89.0,True
UGA,2020,106451562.83333333,REG,Regional refugee response,2517.0,96.0,True
ZMB,2020,106451562.83333333,REG,Regional refugee response,336.0,40.0,True
ETH,2020,447004095.6666667,REG,Regional refugee response,324.0,5.0,True
KEN,2020,447004095.6666667,REG,Regional refugee response,3246.0,9.0,True
UGA,2020,447004095.6666667,REG,Regional refugee response,2517.0,96.0,True
LSO,2020,33745000.0,FA,Flash appeal (sudden onset),0.0,0.0,False
COL,2020,211400000.0,HRP,Protracted crisis (HRP),3849.0,23.0,True
ABW,2020,36545454.54545455,Other,Other,0.0,0.0,False
AFG,2020,36545454.54545455,Other,Other,207.0,3.0,True
AGO,2020,36545454.54545455,Other,Other,0.0,0.0,False
ARG,2020,36545454.54545455,Other,Other,0.0,0.0,False
BDI,2020,36545454.54545455,Other,Other,392.0,1.0,True
BFA,2020,36545454.54545455,Other,Other,869.0,4.0,True
BGD,2020,36545454.54545455,Other,Other,2314.0,7.0,True
BOL,2020,36545454.54545455,Other,Other,63.0,1.0,True
BRA,2020,36545454.54545455,Other,Other,936.0,3.0,True
CAF,2020,36545454.54545455,Other,Other,4336.0,92.0,True
CHL,2020,36545454.54545455,Other,Other,0.0,0.0,False
CMR,2020,36545454.54545455,Other,Other,170.0,4.0,True
COD,2020,36545454.54545455,Other,Other,5104.0,46.0,True
COG,2020,36545454.54545455,Other,Other,0.0,0.0,False
COL,2020,36545454.54545455,Other,Other,3849.0,23.0,True
CRI,2020,36545454.54545455,Other,Other,0.0,0.0,False
CUW,2020,36545454.54545455,Other,Other,0.0,0.0,False
DJI,2020,36545454.54545455,Other,Other,14.0,2.0,True
DOM,2020,36545454.54545455,Other,Other,0.0,0.0,False
ECU,2020,36545454.54545455,Other,Other,0.0,0.0,False
EGY,2020,36545454.54545455,Other,Other,0.0,0.0,False
ETH,2020,36545454.54545455,Other,Other,324.0,5.0,True
GUY,2020,36545454.54545455,Other,Other,2037.0,15.0,True
HTI,2020,36545454.54545455,Other,Other,177.0,3.0,True
IRN,2020,36545454.54545455,Other,Other,0.0,0.0,False
IRQ,2020,36545454.54545455,Other,Other,0.0,0.0,False
JOR,2020,36545454.54545455,Other,Other,0.0,0.0,False
KEN,2020,36545454.54545455,Other,Other,3246.0,9.0,True
LBN,2020,36545454.54545455,Other,Other,282.0,1.0,True
LBY,2020,36545454.54545455,Other,Other,160.0,4.0,True
MEX,2020,36545454.54545455,Other,Other,0.0,0.0,False
MLI,2020,36545454.54545455,Other,Other,4377.0,24.0,True
MMR,2020,36545454.54545455,Other,Other,118.0,7.0,True
NER,2020,36545454.54545455,Other,Other,2186.0,6.0,True
NGA,2020,36545454.54545455,Other,Other,6774.0,465.0,True
PAN,2020,36545454.54545455,Other,Other,288.0,3.0,True
PER,2020,36545454.54545455,Other,Other,14738.0,104.0,True
PRK,2020,36545454.54545455,Other,Other,0.0,0.0,False
PRY,2020,36545454.54545455,Other,Other,0.0,0.0,False
PSE,2020,36545454.54545455,Other,Other,103.0,6.0,True
RWA,2020,36545454.54545455,Other,Other,119.0,3.0,True
SDN,2020,36545454.54545455,Other,Other,371.0,5.0,True
SOM,2020,36545454.54545455,Other,Other,1227.0,18.0,True
SSD,2020,36545454.54545455,Other,Other,2372.0,16.0,True
SYR,2020,36545454.54545455,Other,Other,0.0,0.0,False
TCD,2020,36545454.54545455,Other,Other,1670.0,13.0,True
TTO,2020,36545454.54545455,Other,Other,82.0,1.0,True
TUR,2020,36545454.54545455,Other,Other,1539.0,3.0,True
TZA,2020,36545454.54545455,Other,Other,4064.0,89.0,True
UGA,2020,36545454.54545455,Other,Other,2517.0,96.0,True
UKR,2020,36545454.54545455,Other,Other,381.0,6.0,True
URY,2020,36545454.54545455,Other,Other,0.0,0.0,False
VEN,2020,36545454.54545455,Other,Other,1323.0,12.0,True
YEM,2020,36545454.54545455,Other,Other,2043.0,5.0,True
ZMB,2020,36545454.54545455,Other,Other,336.0,40.0,True
COL,2020,197038395.0,Other,Other,3849.0,23.0,True
BEN,2020,17230000.0,Other,Other,4.0,1.0,True
IRN,2020,89517812.0,Other,Other,0.0,0.0,False
LBN,2020,70704000.0,Other,Other,282.0,1.0,True
LBR,2020,57000000.0,Other,Other,274.0,37.0,True
MOZ,2020,0.0,Other,Other,729.0,10.0,True
PAK,2020,126820000.0,Other,Other,0.0,0.0,False
PHL,2020,75303000.0,Other,Other,12193.0,58.0,True
SLE,2020,60474837.0,Other,Other,0.0,0.0,False
TGO,2020,19382534.0,Other,Other,1293.0,2.0,True
PRK,2020,39692162.0,Other,Other,0.0,0.0,False
MOZ,2020,0.0,Other,Other,729.0,10.0,True
ECU,2020,46425000.0,Other,Other,0.0,0.0,False
BGD,2020,0.0,Other,Other,2314.0,7.0,True
KEN,2020,254870684.0,Other,Other,3246.0,9.0,True
ZMB,2020,125612928.0,Other,Other,336.0,40.0,True
TZA,2020,158874105.0,Other,Other,4064.0,89.0,True
DJI,2020,29983416.0,Other,Other,14.0,2.0,True
UGA,2020,200157127.0,Other,Other,2517.0,96.0,True
COG,2020,11989124.0,Other,Other,0.0,0.0,False
AFG,2020,10416666.666666666,Other,Other,207.0,3.0,True
AGO,2020,10416666.666666666,Other,Other,0.0,0.0,False
BDI,2020,10416666.666666666,Other,Other,392.0,1.0,True
BEN,2020,10416666.666666666,Other,Other,4.0,1.0,True
BFA,2020,10416666.666666666,Other,Other,869.0,4.0,True
BGD,2020,10416666.666666666,Other,Other,2314.0,7.0,True
CAF,2020,10416666.666666666,Other,Other,4336.0,92.0,True
CMR,2020,10416666.666666666,Other,Other,170.0,4.0,True
COD,2020,10416666.666666666,Other,Other,5104.0,46.0,True
COL,2020,10416666.666666666,Other,Other,3849.0,23.0,True
DJI,2020,10416666.666666666,Other,Other,14.0,2.0,True
ECU,2020,10416666.666666666,Other,Other,0.0,0.0,False
EGY,2020,10416666.666666666,Other,Other,0.0,0.0,False
ETH,2020,10416666.666666666,Other,Other,324.0,5.0,True
HTI,2020,10416666.666666666,Other,Other,177.0,3.0,True
IRN,2020,10416666.666666666,Other,Other,0.0,0.0,False
IRQ,2020,10416666.666666666,Other,Other,0.0,0.0,False
JOR,2020,10416666.666666666,Other,Other,0.0,0.0,False
KEN,2020,10416666.666666666,Other,Other,3246.0,9.0,True
LBN,2020,10416666.666666666,Other,Other,282.0,1.0,True
LBR,2020,10416666.666666666,Other,Other,274.0,37.0,True
LBY,2020,10416666.666666666,Other,Other,160.0,4.0,True
LSO,2020,10416666.666666666,Other,Other,0.0,0.0,False
MLI,2020,10416666.666666666,Other,Other,4377.0,24.0,True
MMR,2020,10416666.666666666,Other,Other,118.0,7.0,True
MOZ,2020,10416666.666666666,Other,Other,729.0,10.0,True
NER,2020,10416666.666666666,Other,Other,2186.0,6.0,True
NGA,2020,10416666.666666666,Other,Other,6774.0,465.0,True
PAK,2020,10416666.666666666,Other,Other,0.0,0.0,False
PHL,2020,10416666.666666666,Other,Other,12193.0,58.0,True
PRK,2020,10416666.666666666,Other,Other,0.0,0.0,False
PSE,2020,10416666.666666666,Other,Other,103.0,6.0,True
RWA,2020,10416666.666666666,Other,Other,119.0,3.0,True
SDN,2020,10416666.666666666,Other,Other,371.0,5.0,True
SLE,2020,10416666.666666666,Other,Other,0.0,0.0,False
SOM,2020,10416666.666666666,Other,Other,1227.0,18.0,True
SSD,2020,10416666.666666666,Other,Other,2372.0,16.0,True
SYR,2020,10416666.666666666,Other,Other,0.0,0.0,False
TCD,2020,10416666.666666666,Other,Other,1670.0,13.0,True
TGO,2020,10416666.666666666,Other,Other,1293.0,2.0,True
TUR,2020,10416666.666666666,Other,Other,1539.0,3.0,True
TZA,2020,10416666.666666666,Other,Other,4064.0,89.0,True
UGA,2020,10416666.666666666,Other,Other,2517.0,96.0,True
UKR,2020,10416666.666666666,Other,Other,381.0,6.0,True
VEN,2020,10416666.666666666,Other,Other,1323.0,12.0,True
YEM,2020,10416666.666666666,Other,Other,2043.0,5.0,True
ZMB,2020,10416666.666666666,Other,Other,336.0,40.0,True
ZWE,2020,10416666.666666666,Other,Other,0.0,0.0,False
AFG,2020,6250000.0,Other,Other,207.0,3.0,True
AGO,2020,6250000.0,Other,Other,0.0,0.0,False
BDI,2020,6250000.0,Other,Other,392.0,1.0,True
BEN,2020,6250000.0,Other,Other,4.0,1.0,True
BFA,2020,6250000.0,Other,Other,869.0,4.0,True
BGD,2020,6250000.0,Other,Other,2314.0,7.0,True
CAF,2020,6250000.0,Other,Other,4336.0,92.0,True
CMR,2020,6250000.0,Other,Other,170.0,4.0,True
COD,2020,6250000.0,Other,Other,5104.0,46.0,True
COL,2020,6250000.0,Other,Other,3849.0,23.0,True
DJI,2020,6250000.0,Other,Other,14.0,2.0,True
ECU,2020,6250000.0,Other,Other,0.0,0.0,False
EGY,2020,6250000.0,Other,Other,0.0,0.0,False
ETH,2020,6250000.0,Other,Other,324.0,5.0,True
HTI,2020,6250000.0,Other,Other,177.0,3.0,True
IRN,2020,6250000.0,Other,Other,0.0,0.0,False
IRQ,2020,6250000.0,Other,Other,0.0,0.0,False
JOR,2020,6250000.0,Other,Other,0.0,0.0,False
KEN,2020,6250000.0,Other,Other,3246.0,9.0,True
LBN,2020,6250000.0,Other,Other,282.0,1.0,True
LBR,2020,6250000.0,Other,Other,274.0,37.0,True
LBY,2020,6250000.0,Other,Other,160.0,4.0,True
LSO,2020,6250000.0,Other,Other,0.0,0.0,False
MLI,2020,6250000.0,Other,Other,4377.0,24.0,True
MMR,2020,6250000.0,Other,Other,118.0,7.0,True
MOZ,2020,6250000.0,Other,Other,729.0,10.0,True
NER,2020,6250000.0,Other,Other,2186.0,6.0,True
NGA,2020,6250000.0,Other,Other,6774.0,465.0,True
PAK,2020,6250000.0,Other,Other,0.0,0.0,False
PHL,2020,6250000.0,Other,Other,12193.0,58.0,True
PRK,2020,6250000.0,Other,Other,0.0,0.0,False
PSE,2020,6250000.0,Other,Other,103.0,6.0,True
RWA,2020,6250000.0,Other,Other,119.0,3.0,True
SDN,2020,6250000.0,Other,Other,371.0,5.0,True
SLE,2020,6250000.0,Other,Other,0.0,0.0,False
SOM,2020,6250000.0,Other,Other,1227.0,18.0,True
SSD,2020,6250000.0,Other,Other,2372.0,16.0,True
SYR,2020,6250000.0,Other,Other,0.0,0.0,False
TCD,2020,6250000.0,Other,Other,1670.0,13.0,True
TGO,2020,6250000.0,Other,Other,1293.0,2.0,True
TUR,2020,6250000.0,Other,Other,1539.0,3.0,True
TZA,2020,6250000.0,Other,Other,4064.0,89.0,True
UGA,2020,6250000.0,Other,Other,2517.0,96.0,True
UKR,2020,6250000.0,Other,Other,381.0,6.0,True
VEN,2020,6250000.0,Other,Other,1323.0,12.0,True
YEM,2020,6250000.0,Other,Other,2043.0,5.0,True
ZMB,2020,6250000.0,Other,Other,336.0,40.0,True
ZWE,2020,6250000.0,Other,Other,0.0,0.0,False
DJI,2020,19120449.75,REG,Regional refugee response,14.0,2.0,True
ETH,2020,19120449.75,REG,Regional refugee response,324.0,5.0,True
SOM,2020,19120449.75,REG,Regional refugee response,1227.0,18.0,True
YEM,2020,19120449.75,REG,Regional refugee response,2043.0,5.0,True
LBN,2020,0.0,FA,Flash appeal (sudden onset),282.0,1.0,True
JOR,2020,52845731.0,Other,Other,0.0,0.0,False
PSE,2021,417567330.0,HRP,Protracted crisis (HRP),0.0,0.0,False
SOM,2021,1092121872.0,HRP,Protracted crisis (HRP),3085.0,31.0,True
UKR,2021,167982922.0,HRP,Protracted crisis (HRP),34.0,1.0,True
SDN,2021,1939814880.0,HRP,Protracted crisis (HRP),1454.0,12.0,True
SSD,2021,1677772788.0,HRP,Protracted crisis (HRP),4766.0,29.0,True
COL,2021,174010305.0,HRP,Protracted crisis (HRP),24.0,1.0,True
RWA,2021,63556226.333333336,REG,Regional refugee response,0.0,0.0,False
TZA,2021,63556226.333333336,REG,Regional refugee response,3982.0,39.0,True
UGA,2021,63556226.333333336,REG,Regional refugee response,2606.0,112.0,True
AGO,2021,76331303.28571428,REG,Regional refugee response,0.0,0.0,False
BDI,2021,76331303.28571428,REG,Regional refugee response,1407.0,13.0,True
COG,2021,76331303.28571428,REG,Regional refugee response,0.0,0.0,False
RWA,2021,76331303.28571428,REG,Regional refugee response,0.0,0.0,False
TZA,2021,76331303.28571428,REG,Regional refugee response,3982.0,39.0,True
UGA,2021,76331303.28571428,REG,Regional refugee response,2606.0,112.0,True
ZMB,2021,76331303.28571428,REG,Regional refugee response,20122.0,74.0,True
ETH,2021,288969389.3333333,REG,Regional refugee response,343.0,12.0,True
KEN,2021,288969389.3333333,REG,Regional refugee response,379.0,15.0,True
UGA,2021,288969389.3333333,REG,Regional refugee response,2606.0,112.0,True
EGY,2021,1170407447.8,REG,Regional refugee response,0.0,0.0,False
IRQ,2021,1170407447.8,REG,Regional refugee response,204.0,3.0,True
JOR,2021,1170407447.8,REG,Regional refugee response,91.0,1.0,True
LBN,2021,1170407447.8,REG,Regional refugee response,5244.0,16.0,True
TUR,2021,1170407447.8,REG,Regional refugee response,105.0,2.0,True
ABW,2021,0.0,REG,Regional refugee response,0.0,0.0,False
ARG,2021,0.0,REG,Regional refugee response,0.0,0.0,False
BOL,2021,0.0,REG,Regional refugee response,47.0,1.0,True
BRA,2021,0.0,REG,Regional refugee response,4420.0,33.0,True
CHL,2021,0.0,REG,Regional refugee response,0.0,0.0,False
COL,2021,0.0,REG,Regional refugee response,24.0,1.0,True
CRI,2021,0.0,REG,Regional refugee response,0.0,0.0,False
CUW,2021,0.0,REG,Regional refugee response,0.0,0.0,False
DOM,2021,0.0,REG,Regional refugee response,0.0,0.0,False
ECU,2021,0.0,REG,Regional refugee response,353.0,2.0,True
GUY,2021,0.0,REG,Regional refugee response,0.0,0.0,False
MEX,2021,0.0,REG,Regional refugee response,0.0,0.0,False
PAN,2021,0.0,REG,Regional refugee response,81.0,2.0,True
PER,2021,0.0,REG,Regional refugee response,37.0,2.0,True
PRY,2021,0.0,REG,Regional refugee response,0.0,0.0,False
TTO,2021,0.0,REG,Regional refugee response,0.0,0.0,False
URY,2021,0.0,REG,Regional refugee response,0.0,0.0,False
BGD,2021,943123350.0,REG,Regional refugee response,9858.0,24.0,True
YEM,2021,3853400000.0,HRP,Protracted crisis (HRP),0.0,0.0,False
CAF,2021,444760000.0,HRP,Protracted crisis (HRP),371.0,6.0,True
LBY,2021,189122124.0,HRP,Protracted crisis (HRP),13489.0,13.0,True
COD,2021,1984303303.0,HRP,Protracted crisis (HRP),2742.0,134.0,True
TCD,2021,617522407.0,HRP,Protracted crisis (HRP),1065.0,5.0,True
VEN,2021,708278321.0,HRP,Protracted crisis (HRP),0.0,0.0,False
CMR,2021,361554315.0,HRP,Protracted crisis (HRP),217.0,2.0,True
AFG,2021,1281635457.0,HRP,Protracted crisis (HRP),257.0,3.0,True
NER,2021,523182880.0,HRP,Protracted crisis (HRP),364.0,2.0,True
NGA,2021,1006358629.0,HRP,Protracted crisis (HRP),19701.0,54.0,True
PAK,2021,332043165.0,HRP,Protracted crisis (HRP),304.0,20.0,True
IRQ,2021,607196803.0,HRP,Protracted crisis (HRP),204.0,3.0,True
MLI,2021,563286869.0,HRP,Protracted crisis (HRP),3266.0,26.0,True
BFA,2021,607875894.0,HRP,Protracted crisis (HRP),46.0,1.0,True
BDI,2021,194684000.0,HRP,Protracted crisis (HRP),1407.0,13.0,True
DJI,2021,17048485.0,REG,Regional refugee response,0.0,0.0,False
ETH,2021,17048485.0,REG,Regional refugee response,343.0,12.0,True
SOM,2021,17048485.0,REG,Regional refugee response,3085.0,31.0,True
YEM,2021,17048485.0,REG,Regional refugee response,0.0,0.0,False
ETH,2021,1488027181.0,HRP,Protracted crisis (HRP),343.0,12.0,True
ZWE,2021,506971461.0,HRP,Protracted crisis (HRP),789.0,2.0,True
MOZ,2021,253490356.0,HRP,Protracted crisis (HRP),268.0,2.0,True
HTI,2021,235595167.0,HRP,Protracted crisis (HRP),3539.0,26.0,True
SYR,2021,4224416702.0,HRP,Protracted crisis (HRP),0.0,0.0,False
HND,2021,69210000.0,FA,Flash appeal (sudden onset),1149.0,7.0,True
MMR,2021,276455939.0,HRP,Protracted crisis (HRP),0.0,0.0,False
MDG,2021,75863438.0,FA,Flash appeal (sudden onset),5227.0,25.0,True
NPL,2021,83624000.0,Other,Other,7897.0,74.0,True
LBN,2021,167976726.0,Other,Other,5244.0,16.0,True
PSE,2021,0.0,FA,Flash appeal (sudden onset),0.0,0.0,False
MMR,2021,109161826.0,Other,Other,0.0,0.0,False
HND,2021,221424684.0,HRP,Protracted crisis (HRP),1149.0,7.0,True
GTM,2021,56291832.0,HRP,Protracted crisis (HRP),18334.0,161.0,True
SLV,2021,42156698.0,HRP,Protracted crisis (HRP),0.0,0.0,False
ETH,2021,956952000.0,FA,Flash appeal (sudden onset),343.0,12.0,True
HTI,2021,187295000.0,FA,Flash appeal (sudden onset),3539.0,26.0,True
AFG,2021,606261163.0,FA,Flash appeal (sudden onset),257.0,3.0,True
KEN,2021,0.0,FA,Flash appeal (sudden onset),379.0,15.0,True
PSE,2022,509872202.0,HRP,Protracted crisis (HRP),0.0,0.0,False
LBY,2022,75287520.0,HRP,Protracted crisis (HRP),743.0,1.0,True
IRN,2022,124683107.8,REG,Regional refugee response,0.0,0.0,False
PAK,2022,124683107.8,REG,Regional refugee response,624.0,2.0,True
TJK,2022,124683107.8,REG,Regional refugee response,152.0,7.0,True
TKM,2022,124683107.8,REG,Regional refugee response,0.0,0.0,False
UZB,2022,124683107.8,REG,Regional refugee response,0.0,0.0,False
NGA,2022,1127211641.0,HRP,Protracted crisis (HRP),5458.0,48.0,True
CAF,2022,461253975.0,HRP,Protracted crisis (HRP),312.0,12.0,True
DJI,2022,10064832.5,REG,Regional refugee response,0.0,0.0,False
ETH,2022,10064832.5,REG,Regional refugee response,147.0,2.0,True
SOM,2022,10064832.5,REG,Regional refugee response,2259.0,57.0,True
YEM,2022,10064832.5,REG,Regional refugee response,0.0,0.0,False
ABW,2022,105070516.05882353,REG,Regional refugee response,0.0,0.0,False
ARG,2022,105070516.05882353,REG,Regional refugee response,0.0,0.0,False
BOL,2022,105070516.05882353,REG,Regional refugee response,0.0,0.0,False
BRA,2022,105070516.05882353,REG,Regional refugee response,4509.0,70.0,True
CHL,2022,105070516.05882353,REG,Regional refugee response,0.0,0.0,False
COL,2022,105070516.05882353,REG,Regional refugee response,122.0,2.0,True
CRI,2022,105070516.05882353,REG,Regional refugee response,0.0,0.0,False
CUW,2022,105070516.05882353,REG,Regional refugee response,0.0,0.0,False
DOM,2022,105070516.05882353,REG,Regional refugee response,487.0,8.0,True
ECU,2022,105070516.05882353,REG,Regional refugee response,126.0,3.0,True
GUY,2022,105070516.05882353,REG,Regional refugee response,1.0,1.0,True
MEX,2022,105070516.05882353,REG,Regional refugee response,160.0,2.0,True
PAN,2022,105070516.05882353,REG,Regional refugee response,0.0,0.0,False
PER,2022,105070516.05882353,REG,Regional refugee response,119.0,1.0,True
PRY,2022,105070516.05882353,REG,Regional refugee response,0.0,0.0,False
TTO,2022,105070516.05882353,REG,Regional refugee response,0.0,0.0,False
URY,2022,105070516.05882353,REG,Regional refugee response,0.0,0.0,False
MDG,2022,64518126.0,FA,Flash appeal (sudden onset),4713.0,22.0,True
SOM,2022,0.0,HRP,Protracted crisis (HRP),2259.0,57.0,True
SDN,2022,1936697740.0,HRP,Protracted crisis (HRP),1757.0,6.0,True
ETH,2022,291107708.6666667,REG,Regional refugee response,147.0,2.0,True
KEN,2022,291107708.6666667,REG,Regional refugee response,5334.0,54.0,True
UGA,2022,291107708.6666667,REG,Regional refugee response,3416.0,132.0,True
EGY,2022,1216179915.2,REG,Regional refugee response,1172.0,6.0,True
IRQ,2022,1216179915.2,REG,Regional refugee response,14.0,1.0,True
JOR,2022,1216179915.2,REG,Regional refugee response,0.0,0.0,False
LBN,2022,1216179915.2,REG,Regional refugee response,57.0,1.0,True
TUR,2022,1216179915.2,REG,Regional refugee response,16.0,1.0,True
BDI,2022,182414025.0,HRP,Protracted crisis (HRP),0.0,0.0,False
YEM,2022,4271938417.0,HRP,Protracted crisis (HRP),0.0,0.0,False
ETH,2022,3335002211.0,HRP,Protracted crisis (HRP),147.0,2.0,True
MLI,2022,685734819.0,HRP,Protracted crisis (HRP),1160.0,23.0,True
NER,2022,552598446.0,HRP,Protracted crisis (HRP),259.0,4.0,True
BGD,2022,881030780.0,REG,Regional refugee response,6243.0,10.0,True
IRQ,2022,400004347.0,HRP,Protracted crisis (HRP),14.0,1.0,True
SLV,2022,114317607.0,HRP,Protracted crisis (HRP),5679.0,110.0,True
GTM,2022,153531304.0,HRP,Protracted crisis (HRP),26525.0,277.0,True
CMR,2022,376046051.0,HRP,Protracted crisis (HRP),339.0,4.0,True
HND,2022,155296363.0,HRP,Protracted crisis (HRP),0.0,0.0,False
BFA,2022,0.0,HRP,Protracted crisis (HRP),199.0,4.0,True
SYR,2022,4444280227.0,HRP,Protracted crisis (HRP),0.0,0.0,False
COL,2022,282854048.0,HRP,Protracted crisis (HRP),122.0,2.0,True
TCD,2022,510909899.0,HRP,Protracted crisis (HRP),1350.0,17.0,True
COD,2022,1881674597.0,HRP,Protracted crisis (HRP),2779.0,44.0,True
AGO,2022,99455232.83333333,REG,Regional refugee response,106.0,2.0,True
COG,2022,99455232.83333333,REG,Regional refugee response,0.0,0.0,False
RWA,2022,99455232.83333333,REG,Regional refugee response,856.0,3.0,True
TZA,2022,99455232.83333333,REG,Regional refugee response,1849.0,39.0,True
UGA,2022,99455232.83333333,REG,Regional refugee response,3416.0,132.0,True
ZMB,2022,99455232.83333333,REG,Regional refugee response,7362.0,76.0,True
MOZ,2022,388499803.0,HRP,Protracted crisis (HRP),1065.0,8.0,True
HTI,2022,373165734.0,HRP,Protracted crisis (HRP),48.0,2.0,True
MMR,2022,825698032.0,HRP,Protracted crisis (HRP),0.0,0.0,False
VEN,2022,794987748.0,HRP,Protracted crisis (HRP),0.0,0.0,False
SSD,2022,1699588587.0,HRP,Protracted crisis (HRP),3157.0,17.0,True
LBN,2022,215035166.0,Other,Other,57.0,1.0,True
PHL,2022,107249962.0,Other,Other,795.0,6.0,True
HUN,2022,110129800.0,REG,Regional refugee response,0.0,0.0,False
MDA,2022,110129800.0,REG,Regional refugee response,129.0,2.0,True
POL,2022,110129800.0,REG,Regional refugee response,0.0,0.0,False
ROU,2022,110129800.0,REG,Regional refugee response,0.0,0.0,False
SVK,2022,110129800.0,REG,Regional refugee response,0.0,0.0,False
UKR,2022,1139900000.0,FA,Flash appeal (sudden onset),0.0,0.0,False
MWI,2022,0.0,FA,Flash appeal (sudden onset),429.0,2.0,True
KEN,2022,250461585.0,FA,Flash appeal (sudden onset),5334.0,54.0,True
MOZ,2022,48073854.0,FA,Flash appeal (sudden onset),1065.0,8.0,True
LKA,2022,47226143.0,Other,Other,193.0,4.0,True
PAK,2022,160325075.0,Other,Other,624.0,2.0,True
UKR,2022,190349122.0,HRP,Protracted crisis (HRP),0.0,0.0,False
AFG,2022,4442200000.0,HRP,Protracted crisis (HRP),632.0,7.0,True
CUB,2022,41817107.0,Other,Other,0.0,0.0,False
HTI,2022,145600234.0,FA,Flash appeal (sudden onset),48.0,2.0,True
NGA,2023,1311953516.0,HRP,Protracted crisis (HRP),1629.0,14.0,True
PSE,2023,0.0,HRP,Protracted crisis (HRP),63.0,1.0,True
COD,2023,2252684083.0,HRP,Protracted crisis (HRP),2781.0,43.0,True
SSD,2023,1699905216.0,HRP,Protracted crisis (HRP),656.0,11.0,True
BFA,2023,876731475.0,HRP,Protracted crisis (HRP),102.0,2.0,True
SYR,2023,0.0,HRP,Protracted crisis (HRP),7649.0,8.0,True
YEM,2023,4344155316.0,HRP,Protracted crisis (HRP),350.0,6.0,True
AFG,2023,4627363573.0,HRP,Protracted crisis (HRP),1903.0,7.0,True
CMR,2023,407309869.0,HRP,Protracted crisis (HRP),0.0,0.0,False
IRN,2023,122602597.2,REG,Regional refugee response,0.0,0.0,False
PAK,2023,122602597.2,REG,Regional refugee response,1966.0,2.0,True
TJK,2023,122602597.2,REG,Regional refugee response,0.0,0.0,False
TKM,2023,122602597.2,REG,Regional refugee response,0.0,0.0,False
UZB,2023,122602597.2,REG,Regional refugee response,3.0,1.0,True
AGO,2023,91567460.83333333,REG,Regional refugee response,245.0,5.0,True
COG,2023,91567460.83333333,REG,Regional refugee response,179.0,2.0,True
RWA,2023,91567460.83333333,REG,Regional refugee response,1238.0,10.0,True
TZA,2023,91567460.83333333,REG,Regional refugee response,3026.0,34.0,True
UGA,2023,91567460.83333333,REG,Regional refugee response,1236.0,32.0,True
ZMB,2023,91567460.83333333,REG,Regional refugee response,263.0,20.0,True
DJI,2023,20138092.333333332,REG,Regional refugee response,0.0,0.0,False
ETH,2023,20138092.333333332,REG,Regional refugee response,5770.0,22.0,True
SOM,2023,20138092.333333332,REG,Regional refugee response,1027.0,38.0,True
HTI,2023,719857713.0,HRP,Protracted crisis (HRP),87.0,1.0,True
MLI,2023,751470941.0,HRP,Protracted crisis (HRP),161.0,9.0,True
UKR,2023,3945656687.0,HRP,Protracted crisis (HRP),157.0,1.0,True
SDN,2023,1747427478.0,HRP,Protracted crisis (HRP),3158.0,16.0,True
ETH,2023,316744928.0,REG,Regional refugee response,5770.0,22.0,True
KEN,2023,316744928.0,REG,Regional refugee response,8449.0,56.0,True
UGA,2023,316744928.0,REG,Regional refugee response,1236.0,32.0,True
EGY,2023,1154682886.4,REG,Regional refugee response,2021.0,15.0,True
IRQ,2023,1154682886.4,REG,Regional refugee response,1486.0,1.0,True
JOR,2023,1154682886.4,REG,Regional refugee response,41.0,1.0,True
LBN,2023,1154682886.4,REG,Regional refugee response,566.0,4.0,True
TUR,2023,1154682886.4,REG,Regional refugee response,13614.0,12.0,True
BGR,2023,168549525.6,REG,Regional refugee response,0.0,0.0,False
CZE,2023,168549525.6,REG,Regional refugee response,0.0,0.0,False
EST,2023,168549525.6,REG,Regional refugee response,0.0,0.0,False
HUN,2023,168549525.6,REG,Regional refugee response,0.0,0.0,False
LTU,2023,168549525.6,REG,Regional refugee response,0.0,0.0,False
LVA,2023,168549525.6,REG,Regional refugee response,0.0,0.0,False
MDA,2023,168549525.6,REG,Regional refugee response,0.0,0.0,False
POL,2023,168549525.6,REG,Regional refugee response,0.0,0.0,False
ROU,2023,168549525.6,REG,Regional refugee response,0.0,0.0,False
SVK,2023,168549525.6,REG,Regional refugee response,0.0,0.0,False
ETH,2023,3994813508.0,HRP,Protracted crisis (HRP),5770.0,22.0,True
CAF,2023,464843805.0,HRP,Protracted crisis (HRP),213.0,4.0,True
ABW,2023,100884834.64705883,REG,Regional refugee response,0.0,0.0,False
ARG,2023,100884834.64705883,REG,Regional refugee response,54.0,1.0,True
BOL,2023,100884834.64705883,REG,Regional refugee response,0.0,0.0,False
BRA,2023,100884834.64705883,REG,Regional refugee response,2242.0,99.0,True
CHL,2023,100884834.64705883,REG,Regional refugee response,0.0,0.0,False
COL,2023,100884834.64705883,REG,Regional refugee response,529.0,12.0,True
CRI,2023,100884834.64705883,REG,Regional refugee response,102.0,1.0,True
CUW,2023,100884834.64705883,REG,Regional refugee response,0.0,0.0,False
DOM,2023,100884834.64705883,REG,Regional refugee response,78.0,1.0,True
ECU,2023,100884834.64705883,REG,Regional refugee response,2003.0,16.0,True
GUY,2023,100884834.64705883,REG,Regional refugee response,440.0,2.0,True
MEX,2023,100884834.64705883,REG,Regional refugee response,1302.0,13.0,True
PAN,2023,100884834.64705883,REG,Regional refugee response,0.0,0.0,False
PER,2023,100884834.64705883,REG,Regional refugee response,0.0,0.0,False
PRY,2023,100884834.64705883,REG,Regional refugee response,0.0,0.0,False
TTO,2023,100884834.64705883,REG,Regional refugee response,209.0,2.0,True
URY,2023,100884834.64705883,REG,Regional refugee response,33.0,1.0,True
MOZ,2023,512912994.0,HRP,Protracted crisis (HRP),163.0,4.0,True
MMR,2023,764284069.0,HRP,Protracted crisis (HRP),0.0,0.0,False
SOM,2023,2599161218.0,HRP,Protracted crisis (HRP),1027.0,38.0,True
LBN,2023,200203540.0,Other,Other,566.0,4.0,True
MDG,2023,0.0,FA,Flash appeal (sudden onset),498.0,7.0,True
VEN,2023,719581691.0,HRP,Protracted crisis (HRP),0.0,0.0,False
SLV,2023,98416155.0,HRP,Protracted crisis (HRP),3897.0,93.0,True
KEN,2023,451825224.0,FA,Flash appeal (sudden onset),8449.0,56.0,True
GTM,2023,126145348.0,HRP,Protracted crisis (HRP),0.0,0.0,False
PAK,2023,344007921.0,Other,Other,1966.0,2.0,True
TCD,2023,0.0,HRP,Protracted crisis (HRP),2877.0,30.0,True
COL,2023,283317893.0,HRP,Protracted crisis (HRP),529.0,12.0,True
HND,2023,280360869.0,HRP,Protracted crisis (HRP),20255.0,326.0,True
BGD,2023,875927365.0,REG,Regional refugee response,159.0,4.0,True
NER,2023,583906619.0,HRP,Protracted crisis (HRP),735.0,10.0,True
SYR,2023,0.0,FA,Flash appeal (sudden onset),7649.0,8.0,True
BDI,2023,194245176.0,HRP,Protracted crisis (HRP),0.0,0.0,False
TUR,2023,1006573130.0,FA,Flash appeal (sudden onset),13614.0,12.0,True
MNG,2023,5154000.0,Other,Other,260.0,2.0,True
MWI,2023,0.0,FA,Flash appeal (sudden onset),7300.0,26.0,True
MOZ,2023,138008861.0,Other,Other,163.0,4.0,True
LBY,2023,71355926.0,FA,Flash appeal (sudden onset),1038.0,9.0,True
EGY,2023,0.0,REG,Regional refugee response,2021.0,15.0,True
ETH,2023,0.0,REG,Regional refugee response,5770.0,22.0,True
PSE,2023,294000000.0,FA,Flash appeal (sudden onset),63.0,1.0,True
PSE,2024,600000000.0,FA,Flash appeal (sudden onset),0.0,0.0,False
SSD,2024,1788817122.0,HNRP,Protracted crisis (HRP),1656.0,15.0,True
VEN,2024,617034811.0,HRP,Protracted crisis (HRP),85.0,1.0,True
MMR,2024,993548103.0,HNRP,Protracted crisis (HRP),1148.0,102.0,True
CMR,2024,371369724.0,HRP,Protracted crisis (HRP),3666.0,150.0,True
BGD,2024,852360782.0,REG,Regional refugee response,1049.0,17.0,True
DJI,2024,14773571.0,REG,Regional refugee response,0.0,0.0,False
ETH,2024,14773571.0,REG,Regional refugee response,180.0,4.0,True
KEN,2024,14773571.0,REG,Regional refugee response,2253.0,59.0,True
SOM,2024,14773571.0,REG,Regional refugee response,1157.0,44.0,True
TZA,2024,14773571.0,REG,Regional refugee response,675.0,19.0,True
ABW,2024,93378175.23529412,REG,Regional refugee response,0.0,0.0,False
ARG,2024,93378175.23529412,REG,Regional refugee response,480.0,8.0,True
BOL,2024,93378175.23529412,REG,Regional refugee response,7.0,1.0,True
BRA,2024,93378175.23529412,REG,Regional refugee response,2648.0,73.0,True
CHL,2024,93378175.23529412,REG,Regional refugee response,0.0,0.0,False
COL,2024,93378175.23529412,REG,Regional refugee response,7941.0,176.0,True
CRI,2024,93378175.23529412,REG,Regional refugee response,0.0,0.0,False
CUW,2024,93378175.23529412,REG,Regional refugee response,0.0,0.0,False
DOM,2024,93378175.23529412,REG,Regional refugee response,406.0,2.0,True
ECU,2024,93378175.23529412,REG,Regional refugee response,2062.0,45.0,True
GUY,2024,93378175.23529412,REG,Regional refugee response,0.0,0.0,False
MEX,2024,93378175.23529412,REG,Regional refugee response,52.0,7.0,True
PAN,2024,93378175.23529412,REG,Regional refugee response,0.0,0.0,False
PER,2024,93378175.23529412,REG,Regional refugee response,2954.0,62.0,True
PRY,2024,93378175.23529412,REG,Regional refugee response,0.0,0.0,False
TTO,2024,93378175.23529412,REG,Regional refugee response,193.0,10.0,True
URY,2024,93378175.23529412,REG,Regional refugee response,0.0,0.0,False
AGO,2024,95468191.85714285,REG,Regional refugee response,0.0,0.0,False
BDI,2024,95468191.85714285,REG,Regional refugee response,242.0,5.0,True
COG,2024,95468191.85714285,REG,Regional refugee response,0.0,0.0,False
RWA,2024,95468191.85714285,REG,Regional refugee response,168.0,1.0,True
TZA,2024,95468191.85714285,REG,Regional refugee response,675.0,19.0,True
UGA,2024,95468191.85714285,REG,Regional refugee response,669.0,50.0,True
ZMB,2024,95468191.85714285,REG,Regional refugee response,472.0,13.0,True
IRN,2024,306290837.0,REG,Regional refugee response,0.0,0.0,False
PAK,2024,306290837.0,REG,Regional refugee response,275.0,6.0,True
BGR,2024,108056000.0,REG,Regional refugee response,0.0,0.0,False
CZE,2024,108056000.0,REG,Regional refugee response,0.0,0.0,False
EST,2024,108056000.0,REG,Regional refugee response,0.0,0.0,False
HUN,2024,108056000.0,REG,Regional refugee response,0.0,0.0,False
LTU,2024,108056000.0,REG,Regional refugee response,0.0,0.0,False
LVA,2024,108056000.0,REG,Regional refugee response,0.0,0.0,False
MDA,2024,108056000.0,REG,Regional refugee response,0.0,0.0,False
POL,2024,108056000.0,REG,Regional refugee response,0.0,0.0,False
ROU,2024,108056000.0,REG,Regional refugee response,0.0,0.0,False
SVK,2024,108056000.0,REG,Regional refugee response,0.0,0.0,False
EGY,2024,975660095.6,REG,Regional refugee response,0.0,0.0,False
IRQ,2024,975660095.6,REG,Regional refugee response,0.0,0.0,False
JOR,2024,975660095.6,REG,Regional refugee response,51.0,1.0,True
LBN,2024,975660095.6,REG,Regional refugee response,650.0,10.0,True
TUR,2024,975660095.6,REG,Regional refugee response,468.0,12.0,True
ETH,2024,294006520.0,REG,Regional refugee response,180.0,4.0,True
KEN,2024,294006520.0,REG,Regional refugee response,2253.0,59.0,True
UGA,2024,294006520.0,REG,Regional refugee response,669.0,50.0,True
CAF,2024,0.0,REG,Regional refugee response,0.0,0.0,False
EGY,2024,0.0,REG,Regional refugee response,0.0,0.0,False
ETH,2024,0.0,REG,Regional refugee response,180.0,4.0,True
LBY,2024,0.0,REG,Regional refugee response,0.0,0.0,False
UGA,2024,0.0,REG,Regional refugee response,669.0,50.0,True
CAF,2024,367670976.0,HRP,Protracted crisis (HRP),0.0,0.0,False
SLV,2024,86585525.0,HRP,Protracted crisis (HRP),0.0,0.0,False
GTM,2024,125401425.0,HRP,Protracted crisis (HRP),233.0,1.0,True
HND,2024,203159869.0,HNRP,Protracted crisis (HRP),222.0,1.0,True
SYR,2024,4074158710.0,HRP,Protracted crisis (HRP),445.0,13.0,True
UKR,2024,3107702931.0,HNRP,Protracted crisis (HRP),0.0,0.0,False
BFA,2024,934604385.0,HRP,Protracted crisis (HRP),26.0,1.0,True
HTI,2024,673767352.0,HNRP,Protracted crisis (HRP),80.0,1.0,True
SOM,2024,1585259297.0,HNRP,Protracted crisis (HRP),1157.0,44.0,True
COL,2024,331990687.0,HNRP,Protracted crisis (HRP),7941.0,176.0,True
MOZ,2024,413420177.0,HNRP,Protracted crisis (HRP),5473.0,73.0,True
AFG,2024,3059587797.0,HNRP,Protracted crisis (HRP),907.0,1.0,True
COD,2024,2580627746.0,HRP,Protracted crisis (HRP),4009.0,52.0,True
SDN,2024,2695680744.0,HNRP,Protracted crisis (HRP),1127.0,30.0,True
NER,2024,662192757.0,HNRP,Protracted crisis (HRP),722.0,4.0,True
MDG,2024,0.0,FA,Flash appeal (sudden onset),269.0,3.0,True
NGA,2024,926542686.0,HRP,Protracted crisis (HRP),6817.0,114.0,True
TCD,2024,1124572823.0,HNRP,Protracted crisis (HRP),376.0,13.0,True
YEM,2024,2705762394.0,HRP,Protracted crisis (HRP),25.0,1.0,True
MLI,2024,701569941.0,HNRP,Protracted crisis (HRP),124.0,3.0,True
ETH,2024,3235782784.0,HRP,Protracted crisis (HRP),180.0,4.0,True
LBY,2024,33667840.0,FA,Flash appeal (sudden onset),0.0,0.0,False
MNG,2024,6283000.0,Other,Other,342.0,2.0,True
ZMB,2024,0.0,FA,Flash appeal (sudden onset),472.0,13.0,True
BDI,2024,26031040.0,Other,Other,242.0,5.0,True
ZWE,2024,429286672.0,FA,Flash appeal (sudden onset),832.0,7.0,True
BGD,2024,52887316.0,Other,Other,1049.0,17.0,True
GRD,2024,0.0,FA,Flash appeal (sudden onset),459.0,1.0,True
MWI,2024,0.0,FA,Flash appeal (sudden onset),889.0,4.0,True
VCT,2024,0.0,FA,Flash appeal (sudden onset),431.0,2.0,True
MOZ,2024,89025047.0,FA,Flash appeal (sudden onset),5473.0,73.0,True
VNM,2024,68935538.0,Other,Other,320.0,4.0,True
LBN,2024,425624500.0,FA,Flash appeal (sudden onset),650.0,10.0,True
NPL,2024,17530000.0,Other,Other,1311.0,53.0,True
SYR,2024,135664082.0,Other,Other,445.0,13.0,True
PHL,2024,24690891.0,Other,Other,3539.0,15.0,True
COL,2025,342308343.0,HNRP,Protracted crisis (HRP),2127.0,32.0,True
IRN,2025,311005132.0,REG,Regional refugee response,0.0,0.0,False
PAK,2025,311005132.0,REG,Regional refugee response,820.0,7.0,True
BGD,2025,934521017.0,REG,Regional refugee response,194.0,4.0,True
DJI,2025,12257411.0,REG,Regional refugee response,0.0,0.0,False
ETH,2025,12257411.0,REG,Regional refugee response,323.0,3.0,True
KEN,2025,12257411.0,REG,Regional refugee response,1428.0,23.0,True
SOM,2025,12257411.0,REG,Regional refugee response,1505.0,19.0,True
TZA,2025,12257411.0,REG,Regional refugee response,612.0,14.0,True
AGO,2025,0.0,REG,Regional refugee response,0.0,0.0,False
BDI,2025,0.0,REG,Regional refugee response,0.0,0.0,False
COG,2025,0.0,REG,Regional refugee response,0.0,0.0,False
RWA,2025,0.0,REG,Regional refugee response,222.0,4.0,True
TZA,2025,0.0,REG,Regional refugee response,612.0,14.0,True
UGA,2025,0.0,REG,Regional refugee response,929.0,13.0,True
ZMB,2025,0.0,REG,Regional refugee response,656.0,21.0,True
ETH,2025,237864898.33333334,REG,Regional refugee response,323.0,3.0,True
KEN,2025,237864898.33333334,REG,Regional refugee response,1428.0,23.0,True
UGA,2025,237864898.33333334,REG,Regional refugee response,929.0,13.0,True
EGY,2025,152940180.5,REG,Regional refugee response,35.0,1.0,True
ETH,2025,152940180.5,REG,Regional refugee response,323.0,3.0,True
LBY,2025,152940180.5,REG,Regional refugee response,0.0,0.0,False
UGA,2025,152940180.5,REG,Regional refugee response,929.0,13.0,True
EGY,2025,1173996632.5,REG,Regional refugee response,35.0,1.0,True
JOR,2025,1173996632.5,REG,Regional refugee response,0.0,0.0,False
LBN,2025,1173996632.5,REG,Regional refugee response,253.0,4.0,True
TUR,2025,1173996632.5,REG,Regional refugee response,68.0,3.0,True
BGR,2025,69031306.3,REG,Regional refugee response,0.0,0.0,False
CZE,2025,69031306.3,REG,Regional refugee response,0.0,0.0,False
EST,2025,69031306.3,REG,Regional refugee response,0.0,0.0,False
HUN,2025,69031306.3,REG,Regional refugee response,0.0,0.0,False
LTU,2025,69031306.3,REG,Regional refugee response,0.0,0.0,False
LVA,2025,69031306.3,REG,Regional refugee response,0.0,0.0,False
MDA,2025,69031306.3,REG,Regional refugee response,0.0,0.0,False
POL,2025,69031306.3,REG,Regional refugee response,0.0,0.0,False
ROU,2025,69031306.3,REG,Regional refugee response,0.0,0.0,False
SVK,2025,69031306.3,REG,Regional refugee response,0.0,0.0,False
ABW,2025,82106288.58823529,REG,Regional refugee response,0.0,0.0,False
ARG,2025,82106288.58823529,REG,Regional refugee response,231.0,7.0,True
BOL,2025,82106288.58823529,REG,Regional refugee response,27.0,1.0,True
BRA,2025,82106288.58823529,REG,Regional refugee response,255.0,43.0,True
CHL,2025,82106288.58823529,REG,Regional refugee response,0.0,0.0,False
COL,2025,82106288.58823529,REG,Regional refugee response,2127.0,32.0,True
CRI,2025,82106288.58823529,REG,Regional refugee response,0.0,0.0,False
CUW,2025,82106288.58823529,REG,Regional refugee response,218.0,4.0,True
DOM,2025,82106288.58823529,REG,Regional refugee response,118.0,1.0,True
ECU,2025,82106288.58823529,REG,Regional refugee response,557.0,14.0,True
GUY,2025,82106288.58823529,REG,Regional refugee response,72.0,1.0,True
MEX,2025,82106288.58823529,REG,Regional refugee response,3884.0,46.0,True
PAN,2025,82106288.58823529,REG,Regional refugee response,0.0,0.0,False
PER,2025,82106288.58823529,REG,Regional refugee response,293.0,4.0,True
PRY,2025,82106288.58823529,REG,Regional refugee response,8.0,1.0,True
TTO,2025,82106288.58823529,REG,Regional refugee response,0.0,0.0,False
URY,2025,82106288.58823529,REG,Regional refugee response,0.0,0.0,False
SDN,2025,4162518656.0,HNRP,Protracted crisis (HRP),1424.0,43.0,True
SOM,2025,1421988955.0,HNRP,Protracted crisis (HRP),1505.0,19.0,True
MLI,2025,771314315.0,HNRP,Protracted crisis (HRP),7.0,1.0,True
SSD,2025,1669778643.0,HNRP,Protracted crisis (HRP),1255.0,18.0,True
CAF,2025,326056578.0,HNRP,Protracted crisis (HRP),380.0,3.0,True
HTI,2025,908159989.0,HNRP,Protracted crisis (HRP),77.0,1.0,True
BFA,2025,792565236.0,HNRP,Protracted crisis (HRP),0.0,0.0,False
TCD,2025,1454258243.0,HNRP,Protracted crisis (HRP),4784.0,32.0,True
COD,2025,2538016151.0,HNRP,Protracted crisis (HRP),2214.0,47.0,True
YEM,2025,2478772922.0,HNRP,Protracted crisis (HRP),0.0,0.0,False
AFG,2025,2416811546.0,HNRP,Protracted crisis (HRP),1779.0,14.0,True
NER,2025,603027582.0,HNRP,Protracted crisis (HRP),38.0,1.0,True
CMR,2025,359298328.0,HRP,Protracted crisis (HRP),0.0,0.0,False
MOZ,2025,352096942.0,HNRP,Protracted crisis (HRP),3385.0,45.0,True
SLV,2025,66923449.0,HNRP,Protracted crisis (HRP),0.0,0.0,False
GTM,2025,100563396.0,HNRP,Protracted crisis (HRP),0.0,0.0,False
HND,2025,138491372.0,HNRP,Protracted crisis (HRP),0.0,0.0,False
UKR,2025,2633534010.0,HNRP,Protracted crisis (HRP),0.0,0.0,False
PSE,2025,4073058682.0,FA,Flash appeal (sudden onset),0.0,0.0,False
NGA,2025,910246471.0,HNRP,Protracted crisis (HRP),1633.0,10.0,True
MMR,2025,1137811569.0,HNRP,Protracted crisis (HRP),7172.0,68.0,True
SYR,2025,1236523386.0,FA,Flash appeal (sudden onset),1245.0,10.0,True
VEN,2025,0.0,HRP,Protracted crisis (HRP),0.0,0.0,False
ZMB,2025,90919034.0,FA,Flash appeal (sudden onset),656.0,21.0,True
ZWE,2025,143095554.0,FA,Flash appeal (sudden onset),335.0,2.0,True
MWI,2025,57478430.0,FA,Flash appeal (sudden onset),261.0,5.0,True
VNM,2025,37218750.0,Other,Other,0.0,0.0,False
BGD,2025,35614832.0,Other,Other,194.0,4.0,True
MOZ,2025,133082917.0,FA,Flash appeal (sudden onset),3385.0,45.0,True
LBN,2025,371357000.0,FA,Flash appeal (sudden onset),253.0,4.0,True
PHL,2025,8230297.0,Other,Other,1606.0,17.0,True
MOZ,2025,88297242.0,FA,Flash appeal (sudden onset),3385.0,45.0,True
MMR,2025,275150034.0,HNRP,Protracted crisis (HRP),7172.0,68.0,True
PAK,2025,85687180.0,Other,Other,820.0,7.0,True
VNM,2025,26591473.0,Other,Other,0.0,0.0,False
CUB,2025,12373568.0,Other,Other,92.0,1.0,True
CMR,2026,318976221.0,HNRP,Protracted crisis (HRP),108.0,6.0,True
COL,2026,286966367.0,HNRP,Protracted crisis (HRP),5432.0,67.0,True
TCD,2026,986069627.0,HNRP,Protracted crisis (HRP),730.0,10.0,True
BFA,2026,658486359.0,HNRP,Protracted crisis (HRP),0.0,0.0,False
AFG,2026,0.0,HNRP,Protracted crisis (HRP),97.0,3.0,True
HTI,2026,0.0,HNRP,Protracted crisis (HRP),16.0,1.0,True
MMR,2026,889600798.0,HNRP,Protracted crisis (HRP),2182.0,28.0,True
MOZ,2026,347649861.0,HNRP,Protracted crisis (HRP),3759.0,37.0,True
CAF,2026,0.0,HNRP,Protracted crisis (HRP),0.0,0.0,False
NGA,2026,516399423.0,HNRP,Protracted crisis (HRP),2082.0,46.0,True
COD,2026,1403721718.0,HNRP,Protracted crisis (HRP),2362.0,29.0,True
PSE,2026,4064305808.0,FA,Flash appeal (sudden onset),0.0,0.0,False
MLI,2026,577866412.0,HNRP,Protracted crisis (HRP),16.0,1.0,True
SDN,2026,2866228593.0,HNRP,Protracted crisis (HRP),443.0,15.0,True
SSD,2026,0.0,HNRP,Protracted crisis (HRP),1563.0,18.0,True
UKR,2026,0.0,HNRP,Protracted crisis (HRP),0.0,0.0,False
NER,2026,675619589.0,HNRP,Protracted crisis (HRP),730.0,5.0,True
SOM,2026,852000000.0,HNRP,Protracted crisis (HRP),462.0,11.0,True
VEN,2026,632191972.0,HNRP,Protracted crisis (HRP),2437.0,26.0,True
YEM,2026,2162563336.0,HNRP,Protracted crisis (HRP),0.0,0.0,False
SYR,2026,2922184830.0,HNRP,Protracted crisis (HRP),293.0,13.0,True
VNM,2026,0.0,Other,Other,0.0,0.0,False
CAF,2026,0.0,REG,Regional refugee response,0.0,0.0,False
EGY,2026,0.0,REG,Regional refugee response,0.0,0.0,False
ETH,2026,0.0,REG,Regional refugee response,438.0,2.0,True
LBY,2026,0.0,REG,Regional refugee response,69.0,1.0,True
SSD,2026,0.0,REG,Regional refugee response,1563.0,18.0,True
TCD,2026,0.0,REG,Regional refugee response,730.0,10.0,True
UGA,2026,0.0,REG,Regional refugee response,1756.0,24.0,True
BGD,2026,710508363.0,REG,Regional refugee response,0.0,0.0,False
ABW,2026,44887784.5882353,REG,Regional refugee response,0.0,0.0,False
ARG,2026,44887784.5882353,REG,Regional refugee response,227.0,4.0,True
BOL,2026,44887784.5882353,REG,Regional refugee response,0.0,0.0,False
BRA,2026,44887784.5882353,REG,Regional refugee response,485.0,22.0,True
CHL,2026,44887784.5882353,REG,Regional refugee response,0.0,0.0,False
COL,2026,44887784.5882353,REG,Regional refugee response,5432.0,67.0,True
CRI,2026,44887784.5882353,REG,Regional refugee response,0.0,0.0,False
CUW,2026,44887784.5882353,REG,Regional refugee response,0.0,0.0,False
DOM,2026,44887784.5882353,REG,Regional refugee response,0.0,0.0,False
ECU,2026,44887784.5882353,REG,Regional refugee response,2886.0,21.0,True
GUY,2026,44887784.5882353,REG,Regional refugee response,0.0,0.0,False
MEX,2026,44887784.5882353,REG,Regional refugee response,10949.0,105.0,True
PAN,2026,44887784.5882353,REG,Regional refugee response,3710.0,28.0,True
PER,2026,44887784.5882353,REG,Regional refugee response,8568.0,58.0,True
PRY,2026,44887784.5882353,REG,Regional refugee response,1221.0,8.0,True
TTO,2026,44887784.5882353,REG,Regional refugee response,0.0,0.0,False
URY,2026,44887784.5882353,REG,Regional refugee response,0.0,0.0,False
JOR,2026,0.0,REG,Regional refugee response,0.0,0.0,False
LBN,2026,0.0,REG,Regional refugee response,174.0,3.0,True
TUR,2026,0.0,REG,Regional refugee response,114.0,4.0,True
UGA,2026,0.0,REG,Regional refugee response,1756.0,24.0,True
DJI,2026,10598116.2,REG,Regional refugee response,0.0,0.0,False
ETH,2026,10598116.2,REG,Regional refugee response,438.0,2.0,True
KEN,2026,10598116.2,REG,Regional refugee response,622.0,19.0,True
SOM,2026,10598116.2,REG,Regional refugee response,462.0,11.0,True
TZA,2026,10598116.2,REG,Regional refugee response,218.0,7.0,True
PAK,2026,0.0,Other,Other,140.0,6.0,True
LKA,2026,35300000.0,Other,Other,0.0,0.0,False
CUB,2026,61867843.0,Other,Other,0.0,0.0,False
MDG,2026,67953475.0,FA,Flash appeal (sudden onset),1168.0,30.0,True
IRN,2026,80000000.0,REG,Regional refugee response,0.0,0.0,False
LBN,2026,308331060.0,FA,Flash appeal (sudden onset),174.0,3.0,True
NPL,2026,49568000.0,FA,Flash appeal (sudden onset),1136.0,27.0,True
