iso3,projects,participations,mapped,first_year,name,appeal_usd,appeal_years,appealed,any_mapping
ABW,4.0,97.0,100.0,2018.0,Aruba,508973764.7881016,8.0,True,True
AFG,45.0,7376.0,82.37777777777778,2013.0,Afghanistan,20142532372.21212,13.0,True,True
AGO,22.0,2051.0,82.04545454545455,2017.0,Angola,522485872.8549783,6.0,True,True
AIA,2.0,183.0,100.0,2017.0,Anguilla,3006055.111111111,1.0,True,True
ALB,3.0,549.0,73.0,2015.0,Albania,0.0,0.0,False,True
ARG,21.0,1070.0,89.80952380952381,2016.0,Argentina,508973764.7881016,8.0,True,True
ASM,1.0,68.0,100.0,2016.0,American Samoa,0.0,0.0,False,True
ATG,2.0,344.0,100.0,2017.0,Antigua and Barb.,3006055.111111111,1.0,True,True
AUS,29.0,2174.0,71.03448275862068,2020.0,Australia,0.0,0.0,False,True
AZE,1.0,24.0,25.0,2019.0,Azerbaijan,0.0,0.0,False,True
BDI,31.0,3959.0,89.80645161290323,2013.0,Burundi,1319986855.3549783,10.0,True,True
BEN,47.0,3597.0,72.27659574468085,2013.0,Benin,33896666.666666664,1.0,True,True
BFA,52.0,6645.0,69.57692307692308,2013.0,Burkina Faso,4792584112.656566,13.0,True,True
BGD,177.0,31726.0,85.48587570621469,2013.0,Bangladesh,8164241973.212121,10.0,True,True
BGR,0.0,0.0,,,,345636831.9,3.0,True,False
BHS,6.0,171.0,66.66666666666667,2016.0,The Bahamas,3006055.111111111,1.0,True,True
BIH,3.0,316.0,36.0,2014.0,Bosnia and Herz.,0.0,0.0,False,True
BLM,0.0,0.0,,,,3006055.111111111,1.0,True,False
BLZ,23.0,1398.0,100.0,2015.0,Belize,0.0,0.0,False,True
BOL,16.0,1207.0,89.1875,2014.0,Bolivia,462873053.6631016,7.0,True,True
BRA,357.0,16912.0,87.86834733893558,2014.0,Brazil,508973764.7881016,8.0,True,True
BRB,13.0,890.0,94.6923076923077,2016.0,Barbados,0.0,0.0,False,True
BTN,10.0,543.0,98.2,2015.0,Bhutan,0.0,0.0,False,True
BWA,288.0,27111.0,91.48263888888889,2014.0,Botswana,0.0,0.0,False,True
CAF,244.0,12095.0,89.25409836065573,2013.0,Central African Rep.,5353438412.212121,13.0,True,True
CAN,56.0,4424.0,98.14285714285714,2018.0,Canada,0.0,0.0,False,True
CHL,7.0,582.0,99.85714285714286,2014.0,Chile,508973764.7881016,8.0,True,True
CHN,2.0,114.0,100.0,2013.0,China,0.0,0.0,False,True
CIV,59.0,4658.0,73.7457627118644,2014.0,Côte d'Ivoire,0.0,0.0,False,True
CMR,203.0,6521.0,72.96551724137932,2013.0,Cameroon,4084585357.6565657,13.0,True,True
COD,714.0,47169.0,92.97619047619048,2013.0,Dem. Rep. Congo,19049851266.21212,13.0,True,True
COG,4.0,204.0,88.0,2015.0,Congo,555777438.1883117,8.0,True,True
COL,355.0,32863.0,91.8225352112676,2013.0,Colombia,2635526469.454768,8.0,True,True
COM,8.0,469.0,80.625,2019.0,Comoros,0.0,0.0,False,True
CRI,10.0,453.0,83.0,2016.0,Costa Rica,508973764.7881016,8.0,True,True
CUB,4.0,603.0,75.25,2016.0,Cuba,176630692.0,4.0,True,True
CUW,5.0,330.0,91.2,2016.0,Curaçao,508973764.7881016,8.0,True,True
CZE,0.0,0.0,,,,345636831.9,3.0,True,False
DJI,5.0,462.0,90.0,2017.0,Djibouti,475315234.99545455,11.0,True,True
DMA,1.0,22.0,100.0,2025.0,Dominica,31116613.0,1.0,True,True
DOM,15.0,1499.0,91.33333333333333,2015.0,Dominican Rep.,508973764.7881016,8.0,True,True
DZA,19.0,1953.0,81.3157894736842,2017.0,Algeria,0.0,0.0,False,True
ECU,142.0,15062.0,87.86619718309859,2015.0,Ecuador,644815431.4547683,9.0,True,True
EGY,25.0,3361.0,50.76,2018.0,Egypt,11905975656.41212,13.0,True,True
ESP,4.0,861.0,77.0,2024.0,Spain,0.0,0.0,False,True
EST,0.0,0.0,,,,345636831.9,3.0,True,False
ETH,85.0,9169.0,92.83529411764705,2014.0,Ethiopia,20129631574.495457,12.0,True,True
FJI,40.0,2143.0,90.15,2016.0,Fiji,38630049.0,1.0,True,True
FRA,22.0,679.0,100.0,2022.0,France,0.0,0.0,False,True
FSM,1.0,265.0,100.0,2023.0,Micronesia,0.0,0.0,False,True
GAB,6.0,317.0,99.5,2015.0,Gabon,0.0,0.0,False,True
GBR,4.0,43.0,75.0,2015.0,United Kingdom,0.0,0.0,False,True
GHA,84.0,5114.0,85.21428571428571,2015.0,Ghana,0.0,0.0,False,True
GIN,77.0,6605.0,86.58441558441558,2014.0,Guinea,329281384.6666667,1.0,True,True
GMB,11.0,548.0,89.81818181818181,2015.0,Gambia,68347560.44444445,3.0,True,True
GNB,3.0,24.0,66.66666666666667,2017.0,Guinea-Bissau,0.0,0.0,False,True
GNQ,7.0,252.0,89.14285714285714,2015.0,Eq. Guinea,0.0,0.0,False,True
GRC,2.0,287.0,70.0,2022.0,Greece,111644519.0,1.0,True,True
GRD,5.0,971.0,100.0,2016.0,Grenada,0.0,1.0,True,True
GRL,1.0,56.0,10.0,2018.0,Greenland,0.0,0.0,False,True
GTM,498.0,48949.0,97.87550200803213,2015.0,Guatemala,642429886.0,7.0,True,True
GUF,1.0,9.0,100.0,2019.0,French Guiana,0.0,0.0,False,True
GUM,1.0,0.0,0.0,2015.0,Guam,0.0,0.0,False,True
GUY,25.0,2779.0,86.08,2014.0,Guyana,508973764.7881016,8.0,True,True
HND,391.0,28512.0,99.0690537084399,2013.0,Honduras,1125293157.0,7.0,True,True
HRV,1.0,93.0,63.0,2014.0,Croatia,111644519.0,1.0,True,True
HTI,127.0,13322.0,76.97637795275591,2013.0,Haiti,4727674571.212121,13.0,True,True
HUN,0.0,0.0,,,,455766631.9,4.0,True,False
IDN,319.0,77265.0,78.76489028213166,2013.0,Indonesia,50500000.0,1.0,True,True
IND,179.0,58524.0,76.94413407821229,2013.0,India,0.0,0.0,False,True
IRN,7.0,1388.0,98.0,2017.0,Iran,1112311607.2121212,7.0,True,True
IRQ,17.0,3853.0,60.88235294117647,2014.0,Iraq,16731449591.41212,11.0,True,True
ISR,5.0,168.0,55.2,2017.0,Israel,0.0,0.0,False,True
ITA,3.0,284.0,46.666666666666664,2013.0,Italy,0.0,0.0,False,True
JAM,34.0,12440.0,95.94117647058823,2016.0,Jamaica,0.0,0.0,False,True
JOR,9.0,340.0,99.66666666666667,2018.0,Jordan,11805881206.91212,13.0,True,True
JPN,117.0,26113.0,88.16239316239316,2015.0,Japan,0.0,0.0,False,True
KEN,323.0,37524.0,83.14860681114551,2013.0,Kenya,3401422419.4121213,10.0,True,True
KGZ,9.0,3467.0,64.88888888888889,2015.0,Kyrgyzstan,0.0,0.0,False,True
KHM,8.0,1799.0,75.0,2017.0,Cambodia,0.0,0.0,False,True
KIR,2.0,379.0,98.0,2020.0,Kiribati,0.0,0.0,False,True
KNA,3.0,119.0,100.0,2024.0,St. Kitts and Nevis,3006055.111111111,1.0,True,True
KOR,2.0,234.0,94.5,2023.0,South Korea,0.0,0.0,False,True
LAO,28.0,2946.0,88.14285714285714,2017.0,Laos,0.0,0.0,False,True
LBN,41.0,8018.0,97.4390243902439,2019.0,Lebanon,13512267467.91212,13.0,True,True
LBR,138.0,5417.0,96.1231884057971,2014.0,Liberia,402948051.3333334,2.0,True,True
LBY,28.0,15499.0,52.82142857142857,2020.0,Libya,1567308630.7121212,12.0,True,True
LCA,13.0,641.0,99.76923076923077,2015.0,Saint Lucia,0.0,0.0,False,True
LKA,125.0,16812.0,70.856,2013.0,Sri Lanka,82526143.0,2.0,True,True
LSO,35.0,3129.0,72.11428571428571,2014.0,Lesotho,50411666.666666664,1.0,True,True
LTU,0.0,0.0,,,,345636831.9,3.0,True,False
LVA,0.0,0.0,,,,345636831.9,3.0,True,False
MAF,0.0,0.0,,,,3006055.111111111,1.0,True,False
MAR,23.0,12103.0,82.47826086956522,2017.0,Morocco,0.0,0.0,False,True
MDA,4.0,175.0,99.25,2018.0,Moldova,455766631.9,4.0,True,True
MDG,201.0,17035.0,77.91044776119404,2013.0,Madagascar,260840683.0,7.0,True,True
MEX,226.0,25953.0,87.02212389380531,2015.0,Mexico,508973764.7881016,8.0,True,True
MHL,2.0,26.0,100.0,2020.0,Marshall Is.,0.0,0.0,False,True
MKD,0.0,0.0,,,,111644519.0,1.0,True,False
MLI,171.0,15613.0,86.66666666666667,2013.0,Mali,6640232069.656566,13.0,True,True
MMR,287.0,29313.0,95.81881533101046,2013.0,Myanmar,6723840385.212121,13.0,True,True
MNG,97.0,4762.0,83.58762886597938,2013.0,Mongolia,11437000.0,2.0,True,True
MNP,2.0,131.0,50.0,2015.0,N. Mariana Is.,0.0,0.0,False,True
MOZ,280.0,28068.0,89.34642857142858,2015.0,Mozambique,3226163164.6666665,9.0,True,True
MRT,32.0,7168.0,96.78125,2014.0,Mauritania,500030215.4444444,5.0,True,True
MSR,2.0,93.0,100.0,2017.0,Montserrat,0.0,0.0,False,True
MWI,168.0,28075.0,80.43452380952381,2014.0,Malawi,57478430.0,4.0,True,True
MYS,11.0,939.0,59.54545454545455,2017.0,Malaysia,0.0,0.0,False,True
NAM,31.0,2396.0,89.12903225806451,2014.0,Namibia,0.0,0.0,False,True
NER,55.0,8453.0,82.9090909090909,2013.0,Niger,6127507575.656566,13.0,True,True
NGA,1418.0,68178.0,96.11988716502115,2014.0,Nigeria,10228363520.656567,13.0,True,True
NIC,141.0,8248.0,95.99290780141844,2014.0,Nicaragua,0.0,0.0,False,True
NLD,1.0,9.0,100.0,2020.0,Netherlands,0.0,0.0,False,True
NPL,436.0,45017.0,80.41055045871559,2013.0,Nepal,588416000.0,4.0,True,True
PAK,50.0,4577.0,69.9,2013.0,Pakistan,2594500796.6666665,10.0,True,True
PAN,34.0,4124.0,97.23529411764706,2018.0,Panama,508973764.7881016,8.0,True,True
PER,287.0,35447.0,95.72473867595819,2015.0,Peru,548446172.7881016,9.0,True,True
PHL,386.0,58306.0,82.62953367875647,2013.0,Philippines,647541197.6666666,6.0,True,True
PNG,44.0,5991.0,96.25,2018.0,Papua New Guinea,0.0,0.0,False,True
POL,0.0,0.0,,,,455766631.9,4.0,True,False
PRI,14.0,8908.0,87.07142857142857,2017.0,Puerto Rico,0.0,0.0,False,True
PRK,0.0,0.0,,,,777598970.2121212,6.0,True,False
PRT,1.0,69.0,9.0,2014.0,Portugal,0.0,0.0,False,True
PRY,11.0,1459.0,97.45454545454545,2015.0,Paraguay,508973764.7881016,8.0,True,True
PSE,51.0,1494.0,86.70588235294117,2014.0,Palestine,13468471489.21212,13.0,True,True
QAT,5.0,756.0,89.2,2022.0,Qatar,0.0,0.0,False,True
ROU,1.0,312.0,92.0,2016.0,Romania,455766631.9,4.0,True,True
RUS,72.0,518.0,17.916666666666668,2018.0,Russia,0.0,0.0,False,True
RWA,54.0,5935.0,86.05555555555556,2013.0,Rwanda,677832326.1883117,6.0,True,True
SDN,142.0,10745.0,93.92957746478874,2013.0,Sudan,22788544811.21212,13.0,True,True
SEN,205.0,3953.0,90.28292682926829,2013.0,Senegal,241306776.44444445,5.0,True,True
SGP,1.0,7.0,0.0,2018.0,Singapore,0.0,0.0,False,True
SLB,3.0,525.0,99.66666666666667,2014.0,Solomon Is.,0.0,0.0,False,True
SLE,68.0,4909.0,84.41176470588235,2014.0,Sierra Leone,406422888.3333334,2.0,True,True
SLV,212.0,10240.0,99.53301886792453,2015.0,El Salvador,408399434.0,5.0,True,True
SOM,242.0,12462.0,94.5495867768595,2016.0,Somalia,14919234406.995455,13.0,True,True
SRB,11.0,967.0,97.18181818181819,2014.0,Serbia,111644519.0,1.0,True,True
SSD,174.0,22751.0,90.17241379310344,2013.0,S. Sudan,19195416239.21212,13.0,True,True
SUR,12.0,3502.0,100.0,2020.0,Suriname,0.0,0.0,False,True
SVK,8.0,289.0,87.375,2020.0,Slovakia,455766631.9,4.0,True,True
SVN,0.0,0.0,,,,111644519.0,1.0,True,False
SWE,2.0,82.0,50.0,2018.0,Sweden,0.0,0.0,False,True
SWZ,42.0,2646.0,88.61904761904762,2014.0,eSwatini,0.0,0.0,False,True
SXM,0.0,0.0,,,,3006055.111111111,1.0,True,False
SYR,64.0,11949.0,76.46875,2013.0,Syria,39081067436.21212,13.0,True,True
TCA,0.0,0.0,,,,3006055.111111111,1.0,True,False
TCD,180.0,21724.0,89.76666666666667,2013.0,Chad,8574215929.656566,13.0,True,True
TGO,92.0,5546.0,76.34782608695652,2013.0,Togo,36049200.666666664,1.0,True,True
THA,49.0,3708.0,52.857142857142854,2019.0,Thailand,0.0,0.0,False,True
TJK,73.0,5184.0,92.71232876712328,2014.0,Tajikistan,247285705.0,2.0,True,True
TKM,1.0,46.0,5.0,2016.0,Turkmenistan,247285705.0,2.0,True,True
TLS,27.0,2352.0,87.0,2015.0,Timor-Leste,0.0,0.0,False,True
TON,8.0,354.0,84.0,2017.0,Tonga,0.0,0.0,False,True
TTO,15.0,1057.0,85.66666666666667,2013.0,Trinidad and Tobago,508973764.7881016,8.0,True,True
TUN,4.0,85.0,75.0,2020.0,Tunisia,0.0,0.0,False,True
TUR,68.0,18029.0,81.44117647058823,2017.0,Turkey,12871253124.91212,13.0,True,True
TWN,7.0,1490.0,65.0,2024.0,Taiwan,0.0,0.0,False,True
TZA,689.0,59851.0,90.65166908563135,2014.0,Tanzania,874335529.3883116,7.0,True,True
UGA,643.0,35317.0,92.13685847589424,2013.0,Uganda,3218586157.6883116,9.0,True,True
UKR,10.0,966.0,68.7,2016.0,Ukraine,12320510789.21212,13.0,True,True
URY,20.0,325.0,68.2,2018.0,Uruguay,508973764.7881016,8.0,True,True
USA,25.0,3551.0,83.12,2014.0,United States of America,0.0,0.0,False,True
UZB,2.0,15.0,100.0,2023.0,Uzbekistan,247285705.0,2.0,True,True
VCT,4.0,851.0,98.0,2016.0,St. Vin. and Gren.,0.0,1.0,True,True
VEN,48.0,4637.0,98.39583333333333,2015.0,Venezuela,4422388249.212121,8.0,True,True
VGB,2.0,157.0,100.0,2017.0,British Virgin Is.,3006055.111111111,1.0,True,True
VIR,1.0,264.0,100.0,2017.0,U.S. Virgin Is.,0.0,0.0,False,True
VNM,57.0,8616.0,77.50877192982456,2013.0,Vietnam,132745761.0,3.0,True,True
VUT,8.0,1807.0,93.75,2015.0,Vanuatu,29877779.0,1.0,True,True
WSM,1.0,21.0,100.0,2021.0,Samoa,0.0,0.0,False,True
YEM,23.0,2943.0,88.95652173913044,2017.0,Yemen,35635379899.46212,13.0,True,True
ZAF,50.0,8333.0,81.16,2015.0,South Africa,0.0,0.0,False,True
ZMB,463.0,43264.0,94.93520518358531,2014.0,Zambia,828554853.8549783,6.0,True,True
ZWE,284.0,21487.0,94.02464788732394,2014.0,Zimbabwe,2465591275.6666665,6.0,True,True
